OrderID,CustomerID,EmployeeID,OrderDate,RequiredDate,ShippedDate,ShipVia,Freight,ShipName,ShipAddress,ShipCity,ShipPostalCode,ShipCountry
1,148,3,2022-01-14,2023-06-04,2023-04-15,2,429.42,Nathaniel Ward,"47749 Clark Locks
Martinbury, CT 10174",Taylorbury,22051,Italy
2,83,6,2023-06-05,2022-12-04,2023-01-23,1,172.97,James Cervantes,"063 Christy Ports Suite 571
Lake Kimberly, NM 41724",East Williamhaven,90373,Algeria
3,364,3,2023-05-19,2023-07-26,2022-06-24,3,486.2,Sara Cole,"721 Michael Orchard Suite 539
Donaldchester, WI 24920",New Erin,10021,Guam
4,396,10,2023-03-26,2022-12-25,2022-06-14,1,244.3,Lindsey Martin,"22406 David Stream
Lake Mariaville, IL 69636",Reneeburgh,44002,El Salvador
5,140,1,2022-03-04,2022-05-23,2022-09-18,1,294.19,Alexa Hernandez,"3724 Kyle Glen Apt. 938
Sherritown, PA 59861",Port Brian,54532,Netherlands
6,263,5,2023-02-20,2022-06-02,2022-10-19,2,585.74,Mitchell Colon,"3601 Lewis Drive
New Jamieport, OH 45131",Shawnchester,60818,Colombia
7,20,6,2022-08-21,2023-06-11,2022-05-10,3,796.75,Antonio Davis,"PSC 1325, Box 8786
APO AA 50031",Newmanport,47830,Georgia
8,109,9,2022-12-07,2022-10-30,2022-02-28,2,988.12,Benjamin Richmond,"01602 Walters Burgs
North Janetview, NH 92661",Michaelmouth,11844,Saint Vincent and the Grenadines
9,188,2,2023-01-26,2023-01-01,2022-10-03,2,25.77,Jacqueline Taylor,"USCGC Clark
FPO AP 48120",North Jeffrey,66912,Korea
10,283,1,2023-03-18,2022-07-19,2023-03-22,3,467.2,Julie Oconnell,"5642 Schmitt Parkways
East Howardville, IA 88007",Hintontown,17533,Palestinian Territory
11,421,8,2022-10-09,2022-05-08,2022-05-23,2,197.38,Brandy Collins,"0740 Deanna Court
North Lindsay, WA 89519",South Matthewmouth,47243,Greece
12,139,1,2023-06-07,2023-02-12,2022-07-28,3,772.59,Sandra Williams,"5157 Christine Forges
Port Rachel, ME 63170",Port Amberburgh,59364,Cook Islands
13,182,7,2023-04-30,2022-07-13,2022-01-05,2,194.6,Chelsea Sherman,"622 Brianna Tunnel
West Michael, PR 27944",North Marytown,51883,Tajikistan
14,18,5,2023-02-16,2022-05-05,2022-10-31,3,677.99,Tiffany Christian,"822 James Tunnel Apt. 830
East Katiemouth, AZ 20396",New Maria,52177,Saint Pierre and Miquelon
15,141,5,2023-08-05,2023-01-17,2023-05-22,1,460.4,Ryan Reynolds,"07603 Mitchell Trail
Westton, PW 76788",Boothville,04974,Kuwait
16,140,2,2023-04-08,2022-10-24,2022-04-26,3,736.56,Kelly Bowers,"09952 Johnson Field Apt. 248
Dianaport, NE 92241",Jordanview,11068,Sudan
17,234,10,2022-04-29,2023-06-07,2022-05-02,3,867.37,Samantha Richards,"69509 Cynthia Courts
Clarkport, NV 57868",New Stephenfort,48685,Singapore
18,227,2,2022-09-13,2023-05-05,2022-12-18,2,271.71,Annette Williams,"49448 Kerri Landing
Carolynland, AK 81387",Sandraton,17526,France
19,93,9,2023-07-18,2022-03-09,2022-07-06,2,849.49,Michelle Beck,"535 Todd Ways Apt. 079
West Joshua, NH 88353",Michaelchester,33497,Equatorial Guinea
20,66,4,2022-12-09,2022-05-06,2022-06-06,1,191.98,Tracey Fox,"67098 Susan Stream Apt. 155
Port Kellyside, SD 85897",Lake Pamelatown,93233,Saint Pierre and Miquelon
21,109,10,2023-04-02,2022-01-20,2022-01-05,1,340.02,Alan Carpenter,"9134 Robinson Fields
South Amy, UT 27466",Jonesfort,04152,Russian Federation
22,251,1,2023-06-04,2022-11-01,2022-04-21,3,481.05,Darryl Clark,"60996 Kevin Avenue Suite 099
Port Jonathanhaven, NC 53192",New Anthony,71219,Aruba
23,76,2,2022-03-25,2022-02-23,2023-03-14,2,259.89,Claudia Russell,"5150 Evans Trafficway Apt. 311
Bowersborough, NV 87949",New Larry,09136,Guinea
24,83,9,2022-11-24,2023-02-18,2022-01-19,2,196.23,Derrick Joseph,"5145 Amanda Loaf
Paulmouth, NJ 32812",Websterstad,33492,Malawi
25,424,2,2023-05-14,2022-09-26,2022-11-25,1,460.38,Laura Smith,"9612 Maria Garden
Lake Matthew, SC 48596",East Krista,13937,Cape Verde
26,95,2,2022-05-26,2022-11-26,2022-10-16,1,618.55,Carolyn Anderson,"15355 Sarah Road Apt. 633
Lake Cynthialand, MT 50874",Bakerborough,51250,Syrian Arab Republic
27,30,9,2023-06-05,2022-08-28,2022-08-26,2,347.05,Laurie Nixon,"02187 Lopez Curve
Lake Pamela, MO 32514",Hoffmanfort,23991,Nepal
28,496,4,2023-01-20,2022-12-27,2022-07-08,3,566.72,Kathy Allen,"13117 Cheyenne Grove Suite 508
Abigailmouth, WV 98297",Danielview,36423,Kenya
29,63,4,2022-01-22,2023-06-19,2023-01-04,3,929.82,John Pearson,"5142 Rogers Plains
Port Charlene, HI 75307",Lake John,68388,Mauritania
30,99,9,2022-12-06,2022-02-25,2023-01-30,3,327.53,Joseph Barnes,"178 Weaver Stream
New Lindafurt, AR 44893",West Erikburgh,64859,Madagascar
31,9,2,2023-03-18,2022-02-06,2023-05-14,2,65.09,Anna Gay,"6989 Zachary Fords Suite 743
West William, MP 56127",East Henrytown,17330,Lesotho
32,249,4,2022-04-19,2022-12-31,2023-01-20,1,149.32,Michael Garcia,"3950 Williams Springs
West Corey, ME 95511",Rollinsfort,05637,Jersey
33,343,7,2023-06-27,2022-02-01,2022-04-13,1,242.44,Steven Franklin,"267 Moss Causeway
Lake William, GU 05649",Lake Melindafurt,51839,British Indian Ocean Territory (Chagos Archipelago)
34,95,2,2023-02-21,2022-07-07,2023-08-03,2,19.25,Nicole Estrada,"8080 Kelly Run
West Franciscoside, WV 74799",North Jenna,28084,Guatemala
35,11,7,2023-06-10,2022-07-30,2022-07-20,3,111.22,James House,"363 Tiffany Island
South Nancy, MO 29045",Richardshire,19631,Heard Island and McDonald Islands
36,282,9,2023-08-01,2022-07-26,2022-07-21,3,22.81,Shannon Harris,"177 Joseph Dale
Paulside, MI 40558",Port Kathrynmouth,70490,Bangladesh
37,11,8,2022-05-04,2022-04-23,2022-03-02,2,206.15,Melissa Harris DDS,"2489 Walker Manors Suite 289
Padillachester, NM 70820",Lake Kimberlyville,13596,Dominican Republic
38,176,5,2022-04-19,2023-01-25,2023-06-12,1,317.42,Kimberly Bishop,"78768 Serrano Grove
North Jennifer, NY 86448",Jessicaview,96762,Egypt
39,101,9,2023-01-17,2022-01-15,2023-08-12,1,574.82,Katrina Moore,"9749 Chambers Ville Suite 779
North Tammietown, OK 37481",Port Scottberg,47499,Syrian Arab Republic
40,337,4,2023-08-17,2023-06-03,2022-03-06,3,45.86,Andrea Weaver,"48482 Brent Point Suite 921
Baileystad, PR 38949",Caldwellville,57843,San Marino
41,273,8,2023-05-09,2023-05-13,2022-05-10,1,649.03,William Owens,"3508 Katrina Trail
South Tommy, ND 77812",Ellisburgh,46913,Turks and Caicos Islands
42,74,4,2022-07-06,2023-07-18,2022-02-17,1,681.74,Dawn Singh,"98050 Debra Tunnel Apt. 054
Christopherton, WV 10452",Gordonhaven,51050,Burundi
43,302,6,2022-12-11,2023-02-11,2023-02-02,2,605.55,Joshua Miller,"569 Noble Vista
Port Michaelside, NH 65013",Nolanberg,24485,Bangladesh
44,327,3,2022-07-18,2022-02-25,2023-07-09,3,69.91,Blake Harris,"0467 Garcia Track Apt. 925
Port Mark, PR 98453",South Jonathan,09630,Tonga
45,111,7,2022-05-15,2022-04-07,2022-01-23,1,162.33,Sara Campbell,"PSC 3109, Box 2341
APO AE 01545",South Jorge,80571,French Guiana
46,257,10,2022-04-21,2023-06-09,2022-05-09,3,215.15,Amanda Farrell,"398 Alexis Spur
West Tiffanyport, NM 74450",Melissaton,61590,Timor-Leste
47,247,4,2023-02-08,2023-01-20,2022-10-09,1,924.29,Denise Cole,"0902 Michael Tunnel Apt. 750
South Jeremy, AZ 36051",Darleneberg,43631,Iran
48,9,7,2022-12-03,2023-04-28,2022-01-23,3,85.02,Brian Mora,"1610 Aaron Trace Apt. 812
Lake Virginia, GA 80739",South Judymouth,44585,Venezuela
49,344,3,2022-03-15,2023-05-08,2023-04-09,1,72.52,Ashley Nelson,"2950 Cindy Branch Suite 746
East Janet, VT 47987",Port Chloe,00758,Tokelau
50,256,8,2022-05-16,2022-05-20,2022-06-16,3,546.34,Catherine Michael MD,"PSC 5766, Box 5356
APO AP 12255",North Margaretfort,92966,Djibouti
51,268,8,2023-07-20,2022-04-15,2022-05-18,1,506.19,Jose Lee,"374 Haynes Ramp
Smithbury, PA 68356",Lake Ashley,68498,Saudi Arabia
52,87,2,2023-04-12,2022-08-04,2022-12-23,2,529.11,April Lynch,"320 Harper Station Apt. 795
Shealand, AR 31261",Lake Michele,89882,British Indian Ocean Territory (Chagos Archipelago)
53,226,7,2023-06-21,2022-01-22,2022-12-18,1,534.64,Daniel Lewis,"50581 Stanley Passage
Port Amyside, SD 43512",North Kennethport,34052,Bahrain
54,86,2,2023-08-14,2022-08-29,2022-08-14,2,679.69,Douglas Lee,"4819 Conley Green Apt. 136
Port Jennifer, GA 41070",North Jeremystad,33684,Georgia
55,268,2,2023-07-27,2023-03-04,2023-01-04,1,474.44,Jennifer Johnson,"5977 Christina Vista Suite 625
North Timothy, UT 58577",Richardbury,02446,Nicaragua
56,237,2,2023-06-12,2022-11-10,2023-05-06,1,504.38,Joshua Byrd,"63722 David Forest
Nicoleside, WV 04534",Thomasville,04360,Marshall Islands
57,208,10,2023-02-27,2023-05-04,2022-10-13,3,523.77,David Villanueva,"7525 Flynn Run Suite 179
South Jasonbury, IA 59755",West Denisehaven,39490,Tokelau
58,474,3,2023-08-02,2022-11-23,2022-07-29,2,475.31,Stephanie Weber,"01633 Patrick Knolls Apt. 312
North Brittany, MN 83930",Armstrongton,04575,Botswana
59,249,6,2023-05-19,2023-03-21,2022-06-06,1,367.29,Anthony Hoffman,"PSC 3466, Box 9804
APO AA 94986",Shieldsville,92569,Turks and Caicos Islands
60,77,6,2023-07-24,2022-07-12,2023-05-12,1,867.03,Sara Pacheco,"68815 Laura Locks Apt. 425
Kimchester, DE 72301",Bennettton,70266,Antarctica (the territory South of 60 deg S)
61,376,5,2022-04-24,2023-08-14,2022-06-15,3,872.53,Brandi Craig,"Unit 1127 Box 8820
DPO AA 23023",Alexanderburgh,07802,Eritrea
62,267,3,2022-07-24,2023-05-29,2022-06-02,2,429.34,Sharon Flores,"942 Hayes Flat Suite 160
Port Aaronville, MH 71911",East Andrew,12920,Saint Vincent and the Grenadines
63,152,4,2022-04-18,2023-08-03,2023-02-11,3,800.08,Adam Davis,"163 Thompson Circle
East Rachel, MH 63417",Chadfurt,67757,Norway
64,15,10,2022-03-07,2022-12-09,2023-07-14,2,503.47,Tracy Shannon,"927 Jeffery Views Apt. 926
East Matthew, MD 57712",Michaelfurt,66453,Fiji
65,372,6,2022-07-18,2022-09-05,2022-11-16,2,533.8,Michelle Cabrera,"7972 Erin Lights
New Sandraburgh, OK 16548",Fowlerport,22254,Aruba
66,67,1,2023-05-27,2022-07-29,2023-01-21,3,397.3,Michael Ayers,"62349 Susan Throughway
Aprilchester, PA 87104",West Chase,12238,Argentina
67,124,2,2023-02-22,2023-01-27,2023-03-19,3,773.42,Teresa Jarvis,"416 Patrick Center Suite 538
Williamstown, AR 12715",Jeffreychester,18843,Niue
68,416,3,2022-08-02,2023-03-31,2022-06-08,2,765.1,Jeff Hines,"1670 Joseph Roads Apt. 180
Ericksonhaven, NH 19040",Carrburgh,20591,Palau
69,427,7,2022-06-13,2023-02-27,2022-10-06,3,619.45,Andrew Brady,"688 Craig Isle
South Teresa, MO 51362",Lake Tyler,58355,Malawi
70,320,1,2023-03-04,2022-05-13,2022-07-23,3,481.79,Melanie Perez,"26402 Antonio Rapids Apt. 199
Robinsonberg, AZ 08174",Clayberg,58697,Montserrat
71,241,7,2022-10-15,2023-02-02,2022-08-10,3,683.98,Alicia Richard,"38276 Banks Ridges Apt. 493
Lake Evan, MI 88505",Leestad,96705,Yemen
72,286,5,2022-02-28,2022-01-29,2023-05-22,2,852.64,Sabrina Palmer,"91393 Angela Hill Suite 596
Howellland, IA 16887",Kennethshire,93883,Myanmar
73,239,9,2022-06-16,2022-12-12,2022-10-10,2,299.78,Jennifer Edwards,"804 Rachel Motorway
West Aprilfurt, AK 80536",Lucasshire,69037,Taiwan
74,168,8,2022-10-10,2022-09-26,2022-03-23,1,622.58,Cynthia Stone,"7898 Kimberly Hollow
West Alexandriamouth, ID 57528",North Curtis,04685,Guadeloupe
75,338,2,2023-04-09,2022-04-21,2023-06-07,3,130.7,Heather Jones,"396 Haynes Extension Apt. 059
Brownbury, MP 53434",Jamesside,50960,Papua New Guinea
76,488,3,2022-01-31,2022-02-21,2022-10-22,2,678.39,Bradley Sandoval,"89078 Abigail Branch
Clarkview, MO 48103",West Gabriel,24358,Latvia
77,435,5,2023-03-18,2022-10-05,2022-08-31,1,512.86,Jonathan Mendoza,"94693 Anita Ford Apt. 203
Port Paula, VT 09516",Mollyton,07511,Bouvet Island (Bouvetoya)
78,325,9,2023-04-10,2022-03-12,2022-08-30,2,755.05,Daniel Lee,"2306 Harrison Field
Mathewsmouth, ND 22175",New Stephanieborough,10349,Singapore
79,179,4,2022-12-12,2022-10-18,2022-11-26,2,359.92,Latoya Good,"1281 Carter Bridge Apt. 390
Bennettborough, MS 47484",Port Jeffrey,09114,Niue
80,36,3,2022-02-13,2022-11-02,2022-05-22,2,790.1,Joshua Malone,"Unit 8881 Box 3944
DPO AE 58845",Reyesmouth,83325,Turkmenistan
81,269,9,2022-02-09,2022-09-10,2023-07-16,2,355.05,Nathaniel Bradley,"030 Lewis Groves
Maryfurt, FL 50449",Port Chelsea,30981,Wallis and Futuna
82,369,3,2023-02-21,2023-04-15,2022-11-01,2,428.81,Pamela Taylor,"8868 Gill Course Suite 712
South Richard, NV 76130",Michaeltown,15335,Cote d'Ivoire
83,219,2,2023-08-11,2022-01-26,2022-10-28,2,837.73,Mr. Christopher Mendoza,"59772 Sarah Expressway Suite 476
Timothyburgh, WA 61275",Port Billy,91419,Holy See (Vatican City State)
84,310,1,2022-03-23,2022-03-05,2022-05-29,2,485.45,Robin Butler,"3172 Carolyn Mews
South Veronica, WV 03760",Burnettberg,61068,Estonia
85,205,10,2022-08-06,2023-05-25,2023-04-02,1,917.83,Wendy Smith,"PSC 4974, Box 4855
APO AE 52153",Harringtonville,03964,Portugal
86,187,8,2022-06-01,2023-06-12,2023-06-18,2,797.07,Brittany Stewart,"095 Benjamin Lane Apt. 416
Hebertton, VI 63159",New Matthewshire,05993,Bahamas
87,465,9,2023-07-31,2022-12-03,2022-06-18,3,557.22,Erica Daugherty,"0951 Jordan Mall Apt. 887
Diazstad, VA 19172",Lake Thomasburgh,91263,Qatar
88,116,6,2022-08-02,2022-07-01,2022-10-26,2,728.65,Karen Erickson,"5263 Bonnie Ville
East David, NV 79800",Christopherfort,75576,Syrian Arab Republic
89,497,8,2023-02-16,2022-02-17,2023-01-06,1,750.98,Tiffany Bates,"693 Mary Extension
South Timothy, OR 28681",Port Amy,96406,Austria
90,253,9,2023-01-27,2022-06-30,2022-11-12,2,286.48,Brianna Reyes,"USCGC Vincent
FPO AA 57464",Christianshire,04070,Philippines
91,340,8,2023-05-18,2023-01-19,2023-07-26,3,574.54,Johnny Williams,"622 Roberts View Suite 096
New Robertstad, NH 82795",Port Bradleyborough,85382,Singapore
92,297,1,2023-04-15,2023-03-09,2022-05-23,3,171.37,Stacey Manning,"7216 Judy Pass Suite 799
West Pamelaton, WV 23484",Lake Samantha,66691,Senegal
93,411,1,2022-12-21,2023-07-15,2023-05-22,2,909.48,Johnny Fuller,"0980 Werner Lakes Apt. 623
Grosshaven, IN 18906",Bryantberg,45460,Christmas Island
94,311,1,2023-07-12,2023-04-11,2023-01-07,1,394.17,Lisa Edwards,"8753 Calderon Underpass Suite 009
Port Jenniferburgh, MO 72719",Andremouth,63929,Guatemala
95,195,1,2023-05-02,2023-08-17,2022-01-31,3,461.12,George Porter,"917 Martha Wall
West Sarah, MT 08642",Kevinshire,94591,Maldives
96,239,4,2023-04-07,2023-08-13,2023-05-22,1,486.23,Heather Marquez,"2174 Meyers Parkway Suite 902
Susanmouth, AR 79635",New Jeremiah,74521,Peru
97,72,10,2023-02-18,2022-02-16,2022-02-20,1,275.25,Mrs. Theresa Hill MD,"885 Lisa Rapid Apt. 144
Katieview, CA 28416",Teresaburgh,89642,Iraq
98,335,6,2022-04-29,2022-12-09,2023-02-03,1,478.25,Kimberly Haney,"902 Hutchinson Mill Suite 747
East Dianachester, UT 31128",North Andreachester,73127,Singapore
99,66,6,2023-02-18,2023-08-24,2022-08-15,1,343.48,Christopher Calderon,"8656 Michelle Expressway
North Matthewberg, MD 35179",New Colleenborough,49683,United Kingdom
100,486,5,2022-06-15,2023-07-23,2022-07-29,3,33.37,Larry Young,"16813 Martin Points
South Justinshire, VA 50488",Patriciashire,57927,Grenada
101,447,8,2022-09-13,2023-07-20,2022-01-30,3,204.89,Melissa Wyatt,"52293 Cook Knoll
Lake Tammie, AK 47801",West Johnberg,91091,United States Virgin Islands
102,153,9,2022-03-31,2022-02-05,2023-04-10,2,50.84,Margaret Foster DDS,"8065 Ronald Mountain
Reyesport, WI 23822",West Misty,46872,Sudan
103,398,9,2022-10-27,2023-02-27,2022-03-08,3,881.73,Emily Riley,"9779 Ronald Centers Apt. 081
Robertsmouth, RI 38164",East Debra,67568,Gibraltar
104,305,3,2022-04-22,2023-08-18,2023-03-21,1,419.28,Jessica Gray,"433 Jason Spur Apt. 271
Ellisport, MN 13615",North Frank,77955,French Southern Territories
105,377,8,2022-01-11,2022-10-25,2023-06-04,2,848.97,Renee Meadows,"82091 Nelson Extension
Fergusontown, MT 47937",Susanville,07922,Guadeloupe
106,257,8,2022-08-22,2022-09-13,2023-06-01,1,474.13,Noah Mitchell,"768 Briana Mill
Port Tylerton, VI 32486",East Stanleytown,86756,Marshall Islands
107,275,6,2022-01-15,2022-01-16,2023-08-14,2,904.89,Jennifer Butler,"PSC 9373, Box 7203
APO AE 55165",New Briantown,41489,Central African Republic
108,263,2,2022-09-07,2023-07-04,2022-08-15,2,666.56,Calvin Wolf,"348 Petersen Springs Apt. 557
Helenview, OR 16981",North Jonathan,53147,Montenegro
109,223,3,2022-12-31,2023-02-04,2022-05-19,1,110.18,Sheila Villegas,"95636 Tran Road Suite 565
New Andrea, MH 10309",New Karen,19626,Libyan Arab Jamahiriya
110,349,10,2022-08-26,2022-01-06,2022-05-04,2,821.06,Kenneth Boone,"1989 Morales Shore Apt. 144
Greenberg, ND 51529",Robertview,39379,Burkina Faso
111,200,8,2022-08-08,2023-03-07,2022-06-08,1,885.95,Lawrence Hodges,"0593 Rice River
Medinatown, WI 79517",Juanburgh,29946,Western Sahara
112,124,9,2022-12-22,2022-04-03,2023-01-25,2,333.92,Brian Jones,"27623 Jeanette Passage Suite 743
Johnsonland, SC 20401",North Jamesport,62688,Vietnam
113,384,9,2022-12-04,2022-02-02,2022-05-26,1,51.23,Jeremy Melton,"78605 Estrada Fort Apt. 360
South Loganberg, MN 28365",North Jennifer,54719,Sweden
114,269,5,2022-01-13,2022-02-02,2023-05-05,1,912.44,Dennis Walker,"562 Joseph Spurs
West Timothyland, ME 65564",South Nicholas,08173,Aruba
115,265,10,2023-06-26,2023-07-11,2022-12-14,2,503.1,Julie Carter,"408 Nancy Islands Apt. 664
Reynoldsfort, CA 64956",Carterland,55905,Somalia
116,3,2,2023-02-21,2023-04-01,2023-04-25,1,113.92,Danny Howell,"618 Adam View Suite 129
Coleberg, WI 35760",East Victoriastad,76070,India
117,127,7,2023-07-04,2023-02-05,2023-03-15,2,514.22,Daniel Johnson,"1331 Sara Haven Suite 821
Browntown, IA 89468",Patelton,87004,Spain
118,17,6,2023-05-02,2023-05-19,2022-03-25,2,289.83,Lindsay Johnston,"4277 James Pike
East Gary, ND 26051",Popeside,88458,Malta
119,418,5,2022-10-20,2023-08-14,2022-03-19,1,190.6,Rebecca Montes,"3431 Marissa Camp Apt. 646
Lake Joseph, ME 16320",Amandaland,01071,Ireland
120,117,7,2022-02-19,2022-09-14,2023-06-28,1,533.64,Kayla Combs,"PSC 2095, Box 6652
APO AP 59286",Lake Nicoleville,79743,Zimbabwe
121,453,1,2023-02-18,2023-08-03,2022-01-16,1,940.67,Carla Matthews,"280 Jones Parks
West Justinfort, AR 01191",North Carolynland,58558,El Salvador
122,127,5,2022-11-27,2022-01-01,2023-04-20,2,6.68,Nicholas Little,"3144 Wood Center
Victoriahaven, VT 90800",Jeffchester,01808,Paraguay
123,141,2,2022-05-23,2023-02-24,2023-07-24,1,62.71,Angela Cooper MD,"379 Lewis Flats
Lake Jamiefort, CO 82876",New Christopher,15484,Albania
124,265,4,2023-02-24,2023-01-29,2022-08-01,1,390.03,Melinda Cervantes,"516 William Cove
Blackhaven, ME 78866",East Andrew,65172,Syrian Arab Republic
125,292,1,2023-06-18,2023-01-31,2023-06-17,2,382.25,Frank Lane,"11914 Abigail Ranch
Bobbyhaven, MO 88914",New Kevinmouth,33397,North Macedonia
126,278,4,2022-05-16,2022-12-11,2022-06-23,3,939.27,Pedro Willis,"86861 Larsen Circles Apt. 632
North Sandrashire, HI 33009",Christopherland,88107,Jordan
127,462,8,2022-11-02,2023-06-12,2023-03-16,3,906.02,Tracey Mckay,"7923 Angie Extension Apt. 525
Christinaport, TX 48757",Kevinview,24683,United States Virgin Islands
128,499,2,2022-02-23,2023-08-22,2023-01-04,3,675.47,Ashley Larson,"7807 Thomas Villages
Jimenezberg, MT 46314",North Jamestown,62677,Mongolia
129,437,4,2022-08-20,2023-03-26,2022-08-09,3,627.22,Savannah Henderson,"59167 Angela River
Jenniferchester, TN 04493",Lake Bethburgh,14724,Benin
130,443,4,2022-02-26,2023-07-30,2022-11-23,3,644.86,Patricia Bautista,"25482 Juarez Mill Suite 579
Aliciastad, RI 58398",Smithfort,13038,Trinidad and Tobago
131,469,9,2023-06-03,2023-08-08,2022-08-10,1,143.9,Bradley Wright,"49323 Snyder Road Suite 121
Gibsonberg, NV 79935",South Danielport,71708,Swaziland
132,433,5,2022-04-16,2023-07-23,2022-06-11,2,791.52,Aaron Lara,"43457 Powell Center Suite 917
Port Anthonyville, VT 39597",Meganmouth,43783,China
133,309,2,2023-03-31,2022-09-05,2023-03-11,1,862.11,Veronica Melton,"43312 Nicole Spring
Lake Christopherhaven, ID 10342",Albertfurt,16951,Lesotho
134,304,3,2023-07-18,2023-07-01,2023-05-30,1,813.18,Ryan Hernandez,"819 Donovan Plains
West Anthony, NY 57106",New Shannonville,07092,Western Sahara
135,195,5,2022-08-17,2023-08-14,2022-06-16,3,176.29,Christine Wilson,"811 Anna Loop Apt. 510
New Paul, AK 08852",Williamsbury,46518,Philippines
136,472,5,2022-04-17,2022-08-03,2022-03-09,3,379.75,Jennifer Hunt,"58136 Todd Prairie Suite 067
North Vanessaland, AK 68326",Moralesport,61344,Uruguay
137,140,3,2022-09-19,2022-02-23,2023-04-01,3,598.64,Jocelyn Mcdaniel,"237 Berry Lodge
West Angelastad, UT 93201",Rebeccaburgh,65467,Madagascar
138,86,8,2022-03-27,2022-02-28,2023-02-07,2,968.56,Colleen Anderson,"USS Sheppard
FPO AA 72251",Harrisstad,08667,Sudan
139,6,4,2022-02-18,2022-08-25,2023-08-26,3,794.28,Kelly Morris,"276 Esparza Place Suite 658
New Willie, WY 42107",Lake Daniel,01767,Slovenia
140,1,2,2022-04-27,2022-12-04,2023-06-05,3,388.05,Daniel Norton,"25791 Becker Ford
Changberg, PA 52687",New Christophermouth,41887,Barbados
141,4,2,2022-11-15,2022-04-01,2022-05-17,3,444.34,John Juarez,"USNS Livingston
FPO AE 40880",Port Kimberly,23114,Costa Rica
142,479,7,2022-02-26,2022-06-15,2022-10-28,3,103.58,Alicia Gallagher,"0120 William Junctions
New Andrefurt, OK 08341",Terriland,23115,Israel
143,88,6,2023-03-02,2023-04-27,2022-03-30,2,453.93,William Henry,"810 Lisa Burg
Hughesborough, TX 44245",New John,62257,Chad
144,298,8,2022-07-24,2022-11-22,2022-01-15,2,765.61,Rebekah Johnson,"74839 Veronica Creek
Jeffreyshire, FM 96284",Lake Cynthiaberg,11514,Czech Republic
145,483,2,2023-04-03,2022-07-24,2022-03-09,3,685.14,Olivia Hall,"260 Harrell Points
Aaronbury, FL 96429",New Danielbury,77159,Syrian Arab Republic
146,221,3,2022-02-22,2022-01-31,2023-04-06,3,92.75,Kenneth Hickman,"28916 Bradford Shore Apt. 534
Martinview, NC 38015",Port Omarhaven,96079,Seychelles
147,59,10,2022-06-23,2022-12-04,2023-04-30,2,509.44,John Moore,"240 Hensley Highway Suite 822
Lake Robertport, DE 28874",West Mackenzie,79888,Botswana
148,37,4,2022-09-12,2023-06-24,2022-06-24,1,452.61,Cheryl Houston,"245 Earl Orchard Suite 334
Catherinefurt, GU 91990",Brittanybury,27860,Croatia
149,352,6,2022-10-04,2022-01-28,2022-04-25,1,634.48,Troy Reyes,"16803 Brittany Ways
East Joseph, AR 80863",Butlertown,27817,Djibouti
150,415,4,2022-04-30,2023-03-05,2023-06-08,1,335.54,Sarah Drake,"1600 Amy Hills
Johnsonbury, IA 87633",Tinabury,86847,Guam
151,255,9,2023-03-22,2022-11-10,2023-01-02,2,188.77,Janet Bennett,"USNS Melton
FPO AP 55470",Markborough,98795,Bhutan
152,64,5,2022-09-12,2022-08-08,2022-06-05,2,424.15,Roger Robinson,"PSC 9823, Box 4903
APO AE 46599",Alishaland,91261,Saint Kitts and Nevis
153,500,7,2023-02-13,2023-03-21,2022-12-10,2,944.61,David Kidd,"6054 Manuel Manor Apt. 141
Campbellhaven, MS 83086",Pamelaborough,19968,Bangladesh
154,245,2,2022-04-20,2022-02-21,2022-06-08,3,208.12,Dustin Alvarez,"Unit 5205 Box 0761
DPO AA 46370",Perkinsland,26251,Uruguay
155,382,9,2023-05-24,2022-12-08,2023-03-13,2,625.85,John Beasley,"02864 Krista Ports
New Dennis, NH 13377",Port Haleyview,10771,Angola
156,143,10,2023-05-06,2022-08-12,2022-02-16,2,899.79,Mary Hays,"44555 Scott Mount
North Gerald, PR 19090",Christinaside,13380,Ireland
157,24,8,2023-08-22,2023-02-28,2022-09-25,3,930.96,Nathan White,"610 Spencer Streets
Hurstton, NV 86914",Timothyland,90816,Saint Martin
158,97,9,2022-05-21,2022-02-27,2023-06-19,2,725.34,Jeremy Cruz,"374 Martinez Well
Stephaniemouth, VI 30118",Kurtberg,70831,Ukraine
159,157,3,2022-10-30,2023-01-09,2022-06-18,1,779.3,Becky Brown,"57922 Jennifer Street
New Bonnie, ME 54372",Lake Brittanyberg,07227,Iraq
160,86,5,2022-08-11,2022-10-03,2023-05-22,1,933.12,Miss Brittany Jones,"3003 Moss Extension
Barrberg, MS 32150",East Jessica,97975,Vietnam
161,27,2,2023-05-02,2023-06-13,2023-05-01,1,823.87,John Wilson,"416 Turner Wall Apt. 538
Davidton, MS 41381",Ramirezside,15625,Turkey
162,133,10,2023-03-01,2022-12-29,2022-10-03,3,324.47,Samantha Martinez,"8327 Justin Tunnel Suite 200
West Christineville, AS 83558",New Michael,35862,Christmas Island
163,245,1,2022-06-08,2022-05-05,2022-02-21,2,838.27,Cole Miranda PhD,"6517 Erik Grove
North Anthonyberg, SD 03930",Kaylaside,45247,Cameroon
164,284,7,2022-10-21,2023-07-13,2022-08-03,3,359.81,Michael Francis,"127 Valentine Drives Apt. 204
Penafort, DC 24006",New Matthewchester,34359,Sweden
165,372,4,2022-11-26,2023-07-20,2023-05-06,3,28.66,Natalie Taylor,"371 Ali Court
South Rachelmouth, NY 53289",New Jeanhaven,02746,Angola
166,348,9,2022-06-02,2022-07-31,2022-08-07,2,746.78,Ethan Torres,"49413 Christine Dale Suite 929
Port Kevin, GA 53373",Port Monicaborough,59327,Central African Republic
167,375,2,2022-04-09,2022-08-01,2023-04-01,1,225.37,Stephanie Martin,"50952 Oneal Parkways
Lake Lisa, IL 40229",Ortegamouth,56131,Lesotho
168,119,8,2023-02-08,2023-01-29,2023-02-04,1,914.94,Sharon Turner,"651 John Grove
West Danielstad, NJ 14492",New Amandastad,62115,Bosnia and Herzegovina
169,66,6,2022-05-13,2023-02-05,2022-04-29,3,580.27,Charles Harrison,"661 Cunningham Roads
Maryport, ID 23429",Nicoleborough,35444,Zimbabwe
170,110,9,2023-01-26,2022-04-09,2023-06-19,1,332.85,Jessica Perez,"731 Bowman Terrace
New Barbara, IA 21217",South Heather,65653,Portugal
171,239,4,2023-07-05,2022-07-07,2023-05-06,1,197.1,Tanya Lara,"7001 Ruiz Lock Apt. 031
West Annstad, AL 48726",East Carlosshire,44368,Cayman Islands
172,373,5,2022-09-07,2023-03-12,2023-04-20,3,223.48,James Stone,"955 Joel Ridges Suite 451
South Andrew, NH 47386",Michelleside,64328,Grenada
173,359,10,2022-10-31,2023-03-23,2023-01-01,1,831.94,Douglas Rodriguez,"35800 Chambers Trafficway
North Cynthiaton, LA 68327",East Kristinaview,63080,Korea
174,192,8,2022-11-10,2022-08-10,2022-05-31,1,446.89,Linda Simmons,"08440 Love Points
New Jacobberg, NM 68859",Gutierrezton,94285,Malaysia
175,98,4,2022-01-03,2023-03-06,2022-08-29,2,120.5,Adam Munoz,"PSC 7523, Box 1144
APO AP 06251",Josephborough,74360,Togo
176,379,6,2022-01-16,2022-03-23,2022-04-09,2,365.98,Jaime Beasley,"15118 Andrew Trace Apt. 809
Wangshire, TN 57725",New Ashleyborough,09671,Grenada
177,350,1,2022-07-16,2023-07-17,2022-08-08,2,183.85,Emily Torres,"41373 Monique Circle Apt. 558
Port Rebeccaton, SD 51818",Port Christophertown,83889,Swaziland
178,163,6,2022-05-23,2022-06-05,2022-05-16,1,862.36,Sandra Morales,"1710 Wang Trace
Lake Ashleyhaven, OH 23993",East Lauren,47906,Portugal
179,4,5,2023-03-06,2022-12-22,2022-09-17,3,226.25,Richard Parker,"41199 Taylor Center
Port Rebecca, DE 80174",Gonzalezborough,60905,Philippines
180,102,8,2022-08-05,2022-06-24,2022-01-12,3,212.13,Tyler Chen,"22226 Katherine Pass Apt. 883
Peterville, FL 27437",New Xavierview,71393,Isle of Man
181,214,6,2023-01-19,2022-08-28,2023-08-26,3,974.14,Martin Stevens,"339 Alvarez Stream
East Brian, NH 87482",Walkerhaven,02264,Guinea
182,267,4,2022-08-14,2022-02-15,2022-02-21,3,447.45,Lisa Johnson,"93044 Garcia Stream Suite 219
Edwardfurt, NJ 14269",South Kristen,95348,Angola
183,103,4,2022-10-16,2023-06-09,2022-02-13,3,711.86,Jane Jones,"45140 Gloria Points Apt. 997
Port Megan, SC 28117",North Tabithaburgh,90848,Montenegro
184,85,2,2023-02-09,2022-11-06,2023-07-17,3,430.44,Rebecca Estrada,"5943 Tyler Forks
East Catherineland, VT 76324",Jamesberg,80679,Holy See (Vatican City State)
185,191,3,2022-12-31,2022-01-26,2023-03-07,1,315.6,Alejandra Watts,"901 Heather Isle Suite 430
Vanessaside, WY 50757",Charlesstad,93574,Eritrea
186,328,6,2023-02-16,2023-07-11,2022-11-16,3,957.57,John Dixon,"9656 Kenneth Bridge
Caseyland, WV 43749",West Michelle,16266,Burkina Faso
187,495,3,2023-06-12,2022-08-31,2023-05-23,2,962.0,Bailey Murphy,"74772 Daniel Lane
South Christopher, WI 35102",North Mariastad,68483,Ghana
188,294,5,2022-10-03,2023-06-22,2023-04-11,2,322.88,Anna Montgomery,"951 Samantha Junctions
Allenchester, ID 87710",Hutchinsonberg,75755,Netherlands Antilles
189,13,7,2023-03-27,2023-08-11,2022-01-12,1,532.16,Jennifer Stephens,"332 Roberts Lock Apt. 383
West Daniel, WV 94025",Shermanchester,18613,Honduras
190,105,4,2022-07-28,2023-07-31,2023-02-17,1,309.48,Angela Silva,"37598 John Heights Apt. 782
Andrewmouth, DC 67484",Stephenmouth,82997,Brazil
191,355,1,2023-03-30,2023-02-15,2023-04-02,1,379.29,David Dyer,"5964 Melissa Loop Apt. 249
Meganhaven, MO 93048",Lake Robertton,94668,Spain
192,5,10,2022-03-11,2022-05-27,2022-05-01,2,534.39,Julie White MD,"50567 Miller Knoll
East Amber, VT 12838",Jamesfurt,07481,Bangladesh
193,27,8,2022-01-26,2023-03-10,2022-01-29,3,332.9,Melissa Rivera,"4576 John Dale Apt. 298
East Joshuatown, MP 41220",East Amandaport,58671,Timor-Leste
194,143,7,2022-04-07,2022-07-09,2022-10-01,3,652.18,Kevin Sanchez,"6004 Robert Squares
Lisaburgh, NJ 42673",Mullenstad,31447,Liechtenstein
195,148,8,2023-03-25,2022-03-24,2022-07-01,3,530.44,Alex Green,"3355 Davila Islands
Austinview, RI 39059",Kevinborough,78862,Kuwait
196,397,8,2023-02-01,2022-12-19,2023-05-23,1,343.99,William Lopez,"21733 Lee Corners
New Lisaton, MT 82686",East Rebeccaport,66149,Netherlands Antilles
197,15,4,2022-12-12,2022-04-04,2023-07-31,2,475.6,Shannon Ramirez,"3625 Miranda Crossroad
Villarrealview, UT 20707",Autumnburgh,13666,Western Sahara
198,98,6,2023-07-16,2023-05-29,2022-09-04,2,764.87,Laura Decker,"952 Lisa Key
North Benjaminland, AS 31309",South Matthewmouth,42704,French Southern Territories
199,405,4,2023-07-15,2022-07-22,2022-07-29,3,620.35,Emily Jones,"2360 Ronnie Lock
East Sydney, AL 27077",Ibarrastad,54264,Australia
200,154,2,2022-03-06,2022-02-14,2022-02-13,1,789.4,Robert Hansen,"57340 Stewart Corner Apt. 215
Grahamburgh, MS 55239",Doyleborough,57915,Suriname
201,319,3,2022-03-25,2022-05-27,2023-07-28,2,167.68,Brenda Reed,"486 Katelyn Hollow
North Shelley, ID 58032",Mariachester,98062,Cote d'Ivoire
202,322,8,2022-07-03,2022-05-21,2022-03-05,2,783.59,Mark Newman,"300 Bradley Loaf Suite 528
Beckchester, AS 44978",Lake Alexander,48233,Rwanda
203,56,3,2022-06-25,2023-04-08,2023-02-23,3,679.22,Kristi Knight,"375 Diana Street
East Kayla, ME 55822",Lake Lawrencetown,93433,Venezuela
204,145,6,2023-07-10,2023-03-17,2022-04-02,3,70.5,John Howard,"94570 William Coves
Davidmouth, CO 59906",Lake Douglas,89908,Canada
205,68,4,2022-03-14,2022-09-12,2022-02-21,1,148.83,Julia Castro,"73911 Janet Ferry
West Elizabeth, VA 81340",Lloydmouth,96328,Korea
206,95,8,2022-06-02,2023-02-06,2022-10-16,3,788.77,Victoria Bridges,"539 Murphy Knoll
Port Christopherville, ME 76637",Navarroville,38993,Bhutan
207,472,10,2022-05-19,2023-06-19,2023-05-15,1,454.48,Ronald Hill,"267 Barnes Walk Apt. 856
Port Heidi, WA 35698",Mcmillanfurt,44439,American Samoa
208,258,3,2022-07-18,2023-05-16,2023-08-04,1,762.89,Andrew Morrison,"3716 Steven Point
South Paul, WY 64947",West Loriton,06763,Zimbabwe
209,169,1,2023-04-05,2022-12-20,2023-08-25,2,666.33,Amanda Robinson,"9904 Randall Pass
Calderontown, ME 78651",New Megan,49485,Macao
210,407,1,2022-02-08,2022-11-18,2023-05-31,1,386.09,Brooke Stone,"PSC 6008, Box 7150
APO AA 27545",Nicolechester,81968,Indonesia
211,49,7,2022-11-16,2022-07-27,2023-05-19,2,899.64,Linda Turner,"62106 Walton Views Suite 176
Port Erinmouth, VI 93988",Brownfurt,42732,Algeria
212,127,3,2023-06-07,2023-01-18,2023-04-13,2,507.06,Tracy Moore,"6347 Simmons Meadows
Abigailburgh, WV 05733",Owensside,43233,Estonia
213,149,8,2023-08-18,2022-02-04,2022-06-24,2,263.89,Emily Gomez,"700 Tiffany Fall Apt. 760
Sherrifort, AL 97140",Lake Phyllis,15342,Sierra Leone
214,419,2,2023-02-09,2022-04-19,2022-07-28,3,209.16,Jack Owens,"35145 Hill Pine
Nicholasfurt, KS 01439",West Jamie,68448,Antigua and Barbuda
215,325,5,2023-08-26,2023-03-01,2023-03-20,3,438.4,Dawn Rios,"23733 Rollins Freeway
Joshuaside, CA 48702",Lake Derrick,32922,Lesotho
216,288,10,2022-01-07,2022-04-12,2023-02-07,2,464.23,Anthony Marquez,"782 Jenny Crossing Apt. 555
Williamfort, IN 74970",Port Veronicachester,24723,Guyana
217,266,10,2023-03-17,2022-07-30,2022-01-28,2,770.57,Christopher Davis,"5441 Ryan Springs
Stephaniehaven, AL 89509",Williamsshire,09563,Fiji
218,491,4,2023-08-12,2022-05-07,2022-07-14,3,434.83,Brenda Harris,"697 Patrick Lodge
Rachelmouth, KS 52769",Joneshaven,42431,Uzbekistan
219,265,1,2023-02-05,2022-03-31,2023-03-03,1,497.94,Michael Ward,"PSC 2542, Box 7783
APO AE 34854",Marksmouth,81486,New Caledonia
220,247,4,2023-05-23,2022-04-01,2022-03-18,1,160.26,Lee White,"713 Mccormick Pike
Lake Jessicaville, MP 23626",Davidshire,05587,Faroe Islands
221,189,9,2022-01-21,2023-06-07,2022-09-21,1,206.63,Brian Frey,"585 Christina Motorway
Amandaside, VT 87300",Port Roger,84612,United Kingdom
222,487,10,2022-08-16,2022-01-05,2022-09-11,3,259.85,Barbara Newton,"457 Jessica Falls Suite 821
Michaelside, VI 07338",Lake Lindsayburgh,91280,Lebanon
223,433,9,2023-04-19,2023-05-24,2023-08-03,2,268.37,Kathy Carlson,"969 Stewart Skyway Apt. 596
Lake Ryan, NH 99547",Walkerton,19865,Timor-Leste
224,100,1,2023-05-18,2022-06-06,2023-07-02,3,252.64,James Mccoy,"57046 Smith Locks
Mariastad, AR 13853",East Autumnmouth,50069,Libyan Arab Jamahiriya
225,61,5,2023-03-13,2023-01-13,2022-12-29,2,287.96,Kevin West,"8727 Hudson Ford Apt. 678
Lake Destiny, NM 08137",Ryanfurt,36813,Chile
226,213,3,2022-11-26,2022-08-13,2023-01-31,3,257.94,Cameron White,"40424 Yang Knoll Suite 193
New Garymouth, VI 34151",Oscarfort,56267,Chad
227,433,7,2023-01-02,2022-03-11,2022-04-29,2,792.75,Austin Chan,"57543 Heather Mews
Matthewville, OR 06598",Michaelstad,35814,Russian Federation
228,20,5,2022-02-26,2023-02-23,2022-07-29,3,85.68,Jill Rose,"7005 White Mount Apt. 705
Duncanfurt, TN 52669",Cameronhaven,28505,Saint Pierre and Miquelon
229,242,1,2023-06-03,2022-12-31,2022-05-17,3,812.74,Brian Warren,"805 Melanie Parkway
New Nicoleburgh, WI 90732",Adkinsburgh,65454,Nepal
230,238,2,2023-01-04,2022-12-06,2023-07-24,1,407.55,Rhonda Davis,"5016 Morales Courts Suite 087
Martinberg, DE 04104",Curtishaven,08182,Georgia
231,78,6,2022-08-03,2022-02-23,2023-06-07,1,146.54,Makayla Webb MD,"39668 Rhonda Lodge
New Scott, KY 82447",Riosborough,03231,Angola
232,491,4,2023-03-25,2022-04-30,2023-06-15,1,890.72,Joshua Jackson,"018 Benjamin Trafficway
Martinhaven, LA 55263",East Rebecca,28753,Bangladesh
233,88,4,2023-01-06,2022-02-11,2023-03-12,1,758.61,Kathleen Santiago,"6264 Sharon Mall Suite 742
Port Wendybury, DC 16793",Lake Emilyfort,98961,Mozambique
234,432,10,2022-09-14,2022-11-19,2023-01-27,3,175.7,Lisa Lee,"365 Hines Center
Port Terrence, GU 08490",East Michelle,97539,Oman
235,104,7,2022-09-27,2022-07-01,2023-04-17,1,707.8,William Gallagher,"7053 Francis Square
Jonesmouth, IN 01039",Millershire,11496,Lithuania
236,146,2,2023-07-28,2023-02-21,2023-07-04,3,645.96,Maria Bond,"532 Kyle Green
East Mariastad, LA 59383",Taylorton,59207,Mali
237,398,7,2023-08-09,2023-08-02,2023-04-16,2,556.66,Amanda Bishop,"11861 Brewer Flat Suite 688
Sarashire, SD 38312",Hughesport,74558,Singapore
238,114,7,2023-05-05,2022-11-18,2023-01-24,1,175.28,Stephen Hickman PhD,"5501 Amy Coves Suite 914
Garymouth, ID 15414",Jamesland,33571,Saint Lucia
239,133,4,2022-01-18,2022-06-16,2023-03-28,3,676.69,Jennifer Brewer,"182 White Garden
New Stephanieside, MD 38824",Port Alexander,04783,Liberia
240,306,2,2022-07-03,2023-01-18,2022-09-13,3,887.76,Jason Graham,"601 Shelly Forges Suite 900
Harpertown, IL 46757",South Marc,98759,Sri Lanka
241,72,5,2022-06-04,2022-06-27,2022-03-14,2,363.63,Patrick Hunter,"Unit 7804 Box 3211
DPO AP 22391",Whiteville,57757,United Arab Emirates
242,19,7,2022-08-28,2022-09-24,2023-08-07,1,816.86,Jacob Morgan,"88807 Green Ville Apt. 111
Franklinland, NE 85194",Kellystad,69062,Italy
243,328,3,2022-02-17,2023-08-02,2022-01-19,2,532.65,Jacob Page,"3246 Dana Lodge
Wangton, CT 76271",North Michaelshire,72216,South Africa
244,433,9,2022-03-13,2023-02-09,2022-03-14,3,550.37,Robert Cross,"91863 Daniel Hill Suite 609
Kevinhaven, MO 24409",Davidtown,54428,Bhutan
245,466,9,2022-07-05,2022-03-10,2022-06-24,2,558.73,Teresa Schwartz,"35847 Miller Squares
East Amyfort, LA 55408",West Sarah,06965,Montenegro
246,381,8,2023-02-14,2022-02-07,2023-02-27,1,45.91,Shirley Jones,"513 Allison Mount Apt. 892
Donnaborough, GA 61663",Johnport,05311,Sri Lanka
247,180,10,2023-04-08,2022-06-16,2022-12-07,2,100.36,Antonio Jennings,"36341 Huff Gardens
Thompsonview, RI 61570",Johnview,40356,Burkina Faso
248,381,8,2023-06-28,2022-05-03,2023-08-10,3,348.55,Nicholas Mitchell,"95982 Davidson Inlet
Port Fredbury, NY 21149",Palmerport,50502,Belize
249,114,5,2022-10-17,2023-05-11,2022-12-15,2,706.53,Andrew Ramirez,"026 Alan Mountains Suite 596
East Cristian, LA 90231",Jessefort,05502,Korea
250,267,2,2023-03-01,2022-07-15,2022-03-19,3,490.48,Travis Walker,"343 Clark Valley
Matthewhaven, NC 97993",Reyesburgh,08755,Dominica
251,478,8,2022-04-28,2022-01-02,2022-11-06,2,239.19,Dawn Graham,"6638 Patterson Mission Apt. 337
Kimberlyfort, IL 26956",North Kevinhaven,14210,Benin
252,458,5,2022-01-26,2022-10-27,2023-07-04,3,367.5,Jonathan Molina,"253 Brown Field Apt. 933
Robertschester, MA 84121",New Jeremy,73072,Ireland
253,72,3,2022-05-21,2022-08-03,2022-04-20,1,603.22,Andrew Perez,"5021 Angela Square Suite 113
North Christianshire, IN 89549",North Nancy,05792,Antigua and Barbuda
254,43,1,2022-05-08,2023-04-22,2022-07-20,3,700.69,Christine Lawrence,"7658 Vanessa Cliff Apt. 380
Jasminestad, OR 97076",Cooktown,09177,Aruba
255,125,2,2023-07-10,2023-03-05,2022-02-06,3,954.08,James Reed,"6294 Denise Point
North Gabrielfurt, WV 03241",East Valerie,62196,Indonesia
256,51,2,2022-01-17,2023-08-23,2023-07-20,1,402.51,Jacob Kennedy,"65228 Thomas Viaduct Suite 118
Port Andreaburgh, ND 66163",Lake Clayton,32633,Iraq
257,95,2,2022-03-27,2023-01-28,2023-02-07,3,676.63,Brian Cabrera,"76004 Grant Burgs Apt. 423
Hayesberg, PW 38535",Denisehaven,58844,British Virgin Islands
258,332,3,2022-07-17,2022-10-04,2023-03-27,2,984.8,Jonathan Bradley III,"02394 Cruz Mountains
New Caroline, WV 52503",Rogersville,53447,Cayman Islands
259,254,9,2022-06-02,2022-03-24,2022-09-20,2,68.88,David Powers,"6604 Sanchez Lights
North Loganchester, WA 31377",North Johnshire,28210,Montenegro
260,113,1,2022-07-04,2022-06-17,2023-02-18,1,465.95,Robert Ellis,"Unit 2746 Box 0678
DPO AA 95774",East Donnachester,22112,Guyana
261,446,7,2022-07-10,2022-03-18,2022-07-07,1,994.31,Gregory Ayala,"7747 Susan Unions
Vickiside, GA 28896",Valdeztown,21993,Tokelau
262,334,9,2023-08-17,2022-07-30,2023-01-02,2,364.92,Joseph Hatfield,"790 Williams Glens
Michaelstad, WV 97470",West Carlos,25814,Faroe Islands
263,120,3,2023-01-05,2023-07-27,2023-03-25,2,27.68,Paul Morris,"50301 Jessica Route
Mcfarlandside, CA 62747",Douglasfort,82498,Sri Lanka
264,279,3,2023-05-07,2022-01-17,2022-06-06,1,396.02,Ellen Logan,"9717 John Springs
Kylemouth, UT 66441",Vanessaview,61401,Sri Lanka
265,167,10,2023-04-28,2022-08-15,2022-11-14,3,150.75,Andrew Long,"9983 Donald Passage Apt. 653
New Jack, VA 93474",East Alexander,05926,Myanmar
266,1,1,2022-10-28,2022-12-21,2023-07-15,2,664.01,Allison Morrow,"5122 Shelley Brooks
North Edwardshire, MI 19591",West Johnside,29239,Togo
267,418,4,2022-10-17,2022-12-06,2022-05-14,3,774.3,Jonathan Morris,"825 Roth Drives Suite 379
Bakerville, MA 83925",Port Bryanborough,33175,New Zealand
268,2,3,2023-01-19,2022-04-03,2023-06-03,2,940.31,Robert Ross,"604 Timothy Haven Suite 063
Snyderport, LA 72697",Jesseview,81294,Hungary
269,365,5,2022-08-21,2022-07-11,2022-09-03,2,494.27,Elizabeth Mcgee,"12348 Michele Groves Apt. 797
Lake Martha, UT 97508",Shawborough,21969,Netherlands Antilles
270,373,1,2022-10-18,2022-12-29,2023-03-05,2,55.86,David Irwin,"80509 Patterson Court
Mccarthyshire, ME 45251",Candaceport,78637,Bolivia
271,303,1,2022-06-07,2022-06-14,2022-03-12,1,839.13,Linda Elliott,"USS Kennedy
FPO AE 25366",East James,32649,Northern Mariana Islands
272,430,1,2022-05-16,2023-01-20,2022-02-10,3,244.19,Zachary Rogers,"03786 Roberts Brook
Port Jennifer, CA 64432",Lake Christopherside,86140,Luxembourg
273,49,6,2023-05-09,2022-11-03,2022-02-01,1,789.2,Donald Ochoa,"USNS Glass
FPO AE 47054",Jacksonshire,18837,Netherlands Antilles
274,322,5,2022-09-29,2022-08-23,2022-06-06,2,170.64,Thomas Johnson,"385 Julie Landing
Brittanyborough, NV 78952",Lake Carla,77951,Uzbekistan
275,398,6,2022-10-25,2022-09-26,2022-08-17,1,366.66,Heather Nolan,"PSC 7808, Box 3956
APO AP 39488",Guerrerostad,74274,Azerbaijan
276,23,6,2022-01-17,2022-12-25,2022-08-26,2,560.92,Nicholas Craig,"50082 Kathryn Center Suite 313
New Kevin, AZ 10971",Robinsonton,85005,Heard Island and McDonald Islands
277,309,9,2022-12-19,2023-04-28,2022-01-27,2,718.55,Jasmine Mahoney,"1060 Carla Estates
Rothchester, WY 52743",East Timchester,85814,Montserrat
278,205,4,2022-08-12,2023-05-18,2023-08-06,2,351.15,John Sweeney DVM,"38341 Ashley Loop Suite 564
West Meghan, UT 73341",New Chadberg,57505,Djibouti
279,494,6,2023-07-19,2022-08-09,2022-07-20,2,333.76,Mason Li,"97871 Soto Drives Suite 103
Timothyland, AZ 43846",Kristinaport,90819,Kuwait
280,200,6,2023-01-06,2022-08-21,2022-02-02,1,118.2,Jacqueline Rogers,"58802 Delgado Drives
Mcclurestad, MI 04988",Williamborough,40861,Saint Barthelemy
281,229,5,2022-02-14,2022-05-20,2023-05-22,3,412.32,Sandra Olson,"0904 Erin Bypass
North Gary, CA 21922",South Sarah,32837,Papua New Guinea
282,240,8,2022-05-19,2022-11-22,2022-09-13,3,105.62,Matthew Reese,"23267 Veronica Canyon Suite 394
Port Tanya, ID 04981",Lake Mark,68050,Azerbaijan
283,213,1,2022-01-09,2022-04-19,2023-08-20,1,293.68,Wanda Morgan,"2758 Warner Gardens
South Mary, CA 36295",Stacyshire,53996,Namibia
284,193,5,2022-02-12,2023-03-02,2022-12-11,3,37.05,Alyssa Hill,"659 Danielle View Suite 148
Lake Phillipland, ND 27281",Saraburgh,05657,Grenada
285,330,3,2022-08-18,2023-06-01,2022-05-09,3,549.4,Walter Owens,"071 Roberts Mountains
Juliemouth, MA 79738",Matthewsmouth,92125,Angola
286,492,4,2023-04-30,2022-05-07,2023-07-28,1,207.99,Rachel Hardy,"95532 Hall Park Suite 182
Russelltown, DE 24444",North Daniel,33122,Cameroon
287,140,9,2023-03-25,2023-01-20,2023-02-26,3,732.54,Victoria White,"975 Stephen Course
Lake Danielland, IA 16997",East Julieborough,14974,French Guiana
288,249,5,2022-02-01,2023-07-14,2022-04-26,3,776.98,Larry Martinez,"73256 Sexton Meadow
East Jessica, GU 67883",Jacksonfurt,17492,Timor-Leste
289,133,7,2022-03-06,2023-07-02,2022-12-24,2,750.15,Matthew Dyer,"350 Steve Expressway Apt. 647
Tammymouth, VA 38143",New Cynthiaview,20585,Gambia
290,121,2,2022-10-05,2022-01-05,2022-03-21,2,793.34,Jonathan Cox,"4164 John Inlet
Sarahtown, IA 38203",Kinghaven,47847,Dominican Republic
291,446,10,2023-06-03,2023-07-23,2023-01-09,2,74.07,William Larson,"7125 Gerald Hill Suite 243
Garyville, OK 97183",Lake Alexishaven,87125,Italy
292,398,8,2022-05-16,2023-07-15,2023-06-07,2,704.68,Michelle Miller,"6795 Burke Drive Apt. 007
Dawnburgh, MA 01263",Lake Jessica,36986,Gabon
293,431,1,2022-06-10,2022-07-04,2023-03-29,3,40.42,Carol Brown,"66800 Arnold Fords Apt. 096
North Angeltown, WV 41218",Spencertown,11911,Reunion
294,491,1,2022-02-07,2022-05-26,2022-06-20,1,420.7,David Melton,"217 Mitchell Valley
Samuelhaven, AS 12470",West Jesse,31133,Tajikistan
295,47,8,2022-05-25,2022-12-14,2023-03-07,3,431.97,Brittney Williams,"76215 Stephen Pine
Huffmanberg, AR 30795",Williamsburgh,83091,Jamaica
296,372,6,2022-06-20,2022-11-05,2022-06-26,3,928.08,Russell Norman,"270 Bailey Square Apt. 252
East Patricia, HI 11265",North Michelle,16903,Myanmar
297,194,8,2022-04-06,2022-12-06,2022-04-05,2,236.55,Kenneth Friedman,"523 Barnett Plains
Lake Zacharyberg, AK 31149",Danielleburgh,43625,Congo
298,242,5,2022-02-20,2022-07-30,2022-04-30,3,255.44,Carl Sanders,"627 Gordon Locks
Lake Lorraine, ND 90291",Kennedychester,29863,British Indian Ocean Territory (Chagos Archipelago)
299,445,9,2022-01-27,2023-01-20,2023-01-21,3,956.86,Charles Perez,"146 Hickman Falls
West Bethmouth, MP 30610",Grahamville,33697,Tajikistan
300,65,2,2022-08-24,2023-03-01,2022-02-03,2,810.71,Timothy Gomez,"4119 Robert Drive Suite 176
Leonhaven, WI 78289",Louisburgh,91148,Uganda
301,441,1,2022-08-13,2022-04-01,2022-02-12,1,189.66,Bradley Campbell,"5770 Marilyn Plains Apt. 271
Stephanieville, WV 95885",Jamesmouth,99746,Sudan
302,40,1,2022-05-27,2022-10-03,2022-12-06,3,790.64,Dawn Powell,"65237 Amy Rest
Nelsonburgh, OK 84189",North Melissa,79345,Pitcairn Islands
303,84,4,2022-04-28,2023-01-20,2022-11-10,2,205.11,Dawn Mann,"6238 Amy Mountain
North Paul, AK 90232",Rebeccaview,71480,Bosnia and Herzegovina
304,211,10,2022-01-23,2022-10-08,2022-09-03,2,417.36,Connor Miller,"Unit 0190 Box 0664
DPO AE 37785",Geraldhaven,78893,India
305,255,6,2023-01-16,2023-03-31,2022-06-02,3,502.32,Kimberly Cooper,"85747 Katelyn Bypass Suite 840
Robinsonhaven, KS 14561",Cherylbury,93122,Mali
306,359,2,2022-02-26,2022-06-21,2023-08-25,1,822.69,Alexis Wright,"834 Scott Pine
South Sarah, IA 58307",Sheilastad,85463,Namibia
307,63,2,2022-04-19,2022-09-19,2023-04-26,2,938.68,Kristopher Martinez,"PSC 3076, Box 7840
APO AE 95051",Lake Jordan,25735,Burundi
308,22,4,2023-04-13,2023-03-12,2022-08-04,2,828.22,James Robbins,"09904 Bell Springs Apt. 183
New Brian, PR 98927",South Saraport,38327,South Africa
309,83,2,2022-01-19,2022-10-06,2022-09-08,3,383.5,Sara Donovan,"4408 Mata Coves
West Logan, CO 65737",Pittsburgh,27763,Montenegro
310,274,10,2022-09-17,2022-12-22,2022-05-24,1,288.97,Lindsay Murray,"3643 Smith Land Apt. 560
Baileyberg, HI 43829",Morrisside,36375,Mozambique
311,310,2,2022-07-20,2023-06-26,2023-01-09,1,726.97,Tina Howard,"2343 Richard Inlet
South Catherineburgh, PW 85249",West Maryton,06024,Saudi Arabia
312,69,7,2023-07-10,2022-08-23,2023-05-06,3,785.02,Michelle Fowler,"1664 Sonya Court Suite 475
Lake Adamton, WV 50043",Shaneberg,12474,Micronesia
313,463,4,2023-06-17,2023-03-04,2023-04-12,3,303.91,Travis Acosta,"25244 Katherine Plaza
North Michaelfort, NH 50769",Eugeneview,04890,Grenada
314,500,7,2023-08-12,2023-02-12,2022-12-21,2,105.69,Beth Campos,"57771 Jonathon Falls Suite 078
Port Michellechester, NJ 71864",Port Christianview,46658,Holy See (Vatican City State)
315,500,5,2022-04-22,2022-05-20,2022-09-19,2,584.08,Marcus Gates,"0305 Wells Roads Apt. 627
Brandyside, OH 56625",West Jillfurt,70968,Cambodia
316,425,9,2022-07-31,2023-02-10,2022-04-17,1,104.65,Kevin Evans,"6662 Andrew Trace
Stephanieberg, MH 61021",Brandonfort,37820,Maldives
317,143,6,2022-02-27,2023-04-02,2022-09-23,2,638.84,David Spencer,"2146 Adam Common
Laurieland, DC 52316",Parkerchester,27637,Burundi
318,334,7,2022-12-09,2022-07-21,2022-11-27,1,249.99,Whitney Curtis,"11038 Solomon Crossing
Port William, TN 47584",North Kelli,06132,Bahrain
319,395,1,2023-06-02,2022-03-22,2022-10-21,1,591.27,Carlos Lewis,"368 Edward Street Suite 870
New Allen, NY 91421",Jimenezberg,71436,Djibouti
320,329,2,2022-11-24,2023-06-11,2023-04-25,2,18.0,Justin Roth,"7568 Michelle Light Apt. 824
Lake Karenfurt, PA 52196",Samanthafurt,43379,United Kingdom
321,1,7,2022-08-04,2022-05-12,2022-02-19,1,345.89,Melissa Soto,"542 Johnson Brooks Suite 397
North Margarettown, PA 89732",North Brandon,62026,Macao
322,300,4,2023-04-20,2023-03-10,2022-07-27,1,968.95,Henry Wiggins,"21011 Lisa Wells Suite 037
Wrightton, NC 77823",Lake Stephenton,78009,Portugal
323,482,2,2023-03-11,2023-01-11,2022-12-16,2,727.8,Susan Washington,"6879 Hess Vista
East Micheleland, NE 73710",West Thomasmouth,18950,Romania
324,38,3,2023-04-03,2022-12-17,2022-07-18,2,638.36,David Lawson,"564 Hill Prairie Suite 668
New Mark, MT 81785",Madisonhaven,64174,Cambodia
325,64,9,2022-03-08,2022-08-31,2022-11-03,1,803.7,Anna Park,"040 Amanda Villages Suite 293
Munozville, WY 12526",Lake Jeremyshire,86253,Iraq
326,100,4,2022-03-18,2022-03-09,2022-10-07,1,719.63,Brenda Higgins,"132 Chelsea Freeway
Carlstad, RI 83153",North Timothy,24684,French Guiana
327,365,9,2023-06-19,2023-06-30,2022-06-21,2,966.87,Natalie Ruiz,"185 William Light Apt. 193
North Denisestad, OH 67982",South Deanbury,99828,Congo
328,422,4,2023-02-12,2023-08-18,2023-03-17,1,986.6,Dana Wells,"4044 Medina Parks Suite 444
South Sandrachester, GA 54395",Nicolehaven,94295,Trinidad and Tobago
329,23,10,2022-10-16,2023-06-07,2022-12-25,2,770.04,David Johnson,"7868 Amanda Mews Apt. 793
New Anaport, CA 63640",Johnstonchester,41175,Sweden
330,486,4,2022-04-21,2023-08-19,2023-02-22,1,586.01,Mr. Matthew Mccall,"9103 Garcia Mills
Port Ryan, OK 35837",Jenniferfurt,66056,Kiribati
331,413,1,2022-11-30,2023-03-27,2022-09-09,3,661.39,Hunter Wiggins,"0682 Ward Fields
Lake Adam, GU 31437",Samanthachester,51758,Guam
332,28,4,2022-06-15,2022-09-24,2022-03-15,3,178.68,Jade Greene,"44244 Kristen Glens Suite 039
East Richardberg, SD 72381",North Scott,27843,Ireland
333,45,7,2023-06-13,2023-08-29,2023-01-12,1,207.8,Richard Flores,"PSC 5646, Box 2042
APO AE 73418",Russellside,66923,Cayman Islands
334,101,4,2023-06-09,2023-08-17,2022-09-15,2,955.02,Kathy Morgan,"586 Brian Motorway Suite 539
East Raymondstad, FL 62198",Kennedyshire,05904,Bermuda
335,222,3,2022-01-13,2023-05-18,2022-09-14,2,47.73,Melissa Garcia,"937 Maria Fort
Hillside, TX 56456",Lake Ralphstad,40975,Bulgaria
336,250,6,2022-10-13,2022-01-06,2022-07-01,1,460.32,Brian Hatfield,"PSC 2733, Box 2513
APO AP 27479",South David,99679,Papua New Guinea
337,490,5,2022-10-01,2022-05-21,2022-11-23,1,72.35,Laura Vargas,"14654 Charles Springs
Alvaradoview, AR 11021",Thomasland,99009,Luxembourg
338,481,3,2022-08-20,2022-01-10,2023-04-16,3,967.44,Gregory Ewing,"6627 Baker Bridge
Cynthiachester, MO 00671",Williamland,10747,Russian Federation
339,379,2,2022-11-06,2022-11-19,2023-01-03,1,710.22,Megan Rivera,"USS Richardson
FPO AE 49652",Butlerberg,65222,Portugal
340,290,9,2023-08-18,2022-01-03,2022-12-27,2,692.87,Elizabeth Anderson,"574 Kevin Plain Suite 294
Chelseabury, AS 43283",West Dan,43305,South Georgia and the South Sandwich Islands
341,323,1,2023-04-03,2022-03-06,2022-09-16,3,596.54,Austin Torres,"511 Karen Locks Apt. 844
Nicholasbury, NC 11046",Jamesfurt,11501,Guadeloupe
342,159,6,2023-03-04,2022-10-01,2023-07-28,2,74.16,Douglas Moon,"537 Victoria Point Suite 863
Palmerburgh, GU 55910",Garciafurt,98804,South Africa
343,244,6,2023-05-09,2023-01-05,2023-01-11,1,612.83,Thomas Stephens DVM,"372 Ashley Trace Apt. 173
Lake Robert, PA 56359",Natalieberg,97619,Ghana
344,411,8,2023-08-26,2022-11-06,2022-01-18,3,791.06,Roy Miller,"4098 Alexander Junctions Apt. 958
Villegastown, UT 52727",East Sarahfurt,88829,Kyrgyz Republic
345,92,3,2022-10-14,2022-03-20,2022-10-08,3,791.58,Martin Carroll,"678 Clements Fields
Bonnieland, AK 63512",North Jerry,84652,Liechtenstein
346,446,8,2023-07-21,2022-09-18,2023-03-27,2,264.17,James Reyes,"41360 Watson Passage
Sandovalport, UT 87779",West Bradley,72423,Luxembourg
347,329,7,2023-04-04,2022-05-21,2023-07-01,3,720.55,Robert Watson,"7602 Anthony Place Suite 060
West Ann, ND 21672",Brownburgh,27373,Slovakia (Slovak Republic)
348,31,10,2022-04-07,2022-08-12,2022-01-05,3,370.51,William Flores,"0397 Jones Tunnel
New Dan, WY 90105",Port Shirleychester,68624,Maldives
349,73,3,2022-11-21,2022-04-01,2022-11-19,3,290.16,Sarah Hunt,"32049 Moss Lights Suite 748
Daltonberg, FL 66189",New Peter,89465,Namibia
350,51,9,2023-03-28,2022-06-04,2022-06-12,1,615.72,Robert Garcia,"PSC 7985, Box 7445
APO AE 79235",Port Christinamouth,83873,Saint Barthelemy
351,288,3,2022-03-28,2023-01-29,2023-03-24,3,685.24,Samantha Brown,"76440 Tanya Loaf Apt. 737
East Edwardshire, WY 26863",Lake Daniel,31882,Sudan
352,371,4,2022-04-10,2023-04-27,2022-12-31,2,585.12,Erica Hess,"7671 Adam Springs Suite 144
Wongland, NE 70241",Kaitlinstad,14679,Turks and Caicos Islands
353,95,1,2023-06-24,2022-12-24,2023-01-10,1,624.79,David Rodriguez,"00167 Summer Canyon
Burnettfurt, MN 95020",South Craig,49638,Costa Rica
354,231,5,2022-05-15,2023-02-10,2022-07-05,2,99.99,Patrick Simmons,"24690 Aaron Isle
East Lynn, SC 24220",East John,08760,Marshall Islands
355,171,4,2022-03-30,2022-11-27,2023-01-27,1,195.98,Tiffany Torres,"67381 Christine Brooks
New Ronaldland, UT 04862",Wileyhaven,54427,Guinea-Bissau
356,155,7,2023-03-27,2022-06-22,2022-02-21,1,873.44,Lisa Smith,"097 Wagner Mountains Apt. 412
North Deannafort, NE 22913",South Robertmouth,87464,Japan
357,202,4,2022-11-19,2023-01-01,2023-07-29,3,54.33,John Brewer,"03816 Eric Centers
Dunnmouth, PA 83075",Zimmermanton,45745,Bhutan
358,415,2,2022-05-02,2023-03-09,2022-08-07,2,157.87,Heather Cherry,"019 Greg Ways
Jensenberg, FM 71104",East Savannah,53207,Kenya
359,62,9,2023-06-17,2022-02-20,2022-01-27,2,708.65,Tammy Mann,"58603 Rodriguez Summit
Jonathanburgh, VA 58614",Simsbury,83366,North Macedonia
360,399,10,2022-01-03,2023-07-07,2022-07-28,2,965.42,Todd Jones,"33129 Thompson Spring Apt. 427
Lake James, ND 30701",East Jose,87608,Niue
361,412,8,2022-07-09,2022-11-16,2022-03-19,3,177.69,Karen Morgan,"9066 Stacey Squares Apt. 786
Maryfort, MN 40522",East Theresafort,14509,United Arab Emirates
362,146,8,2022-05-16,2022-06-06,2023-03-17,3,402.79,Russell Holt,"USCGC Frost
FPO AP 92819",East Mariaville,50942,Georgia
363,463,3,2022-01-14,2022-09-04,2022-12-24,3,755.23,Caitlyn Hubbard,"79024 Michelle Knoll
Cassandrahaven, WY 17120",Clayburgh,15572,Chile
364,398,3,2023-02-21,2022-08-26,2023-05-10,3,877.52,Donna Munoz,"932 Knight Path
South Terri, SD 65577",New Andreaville,50365,Saint Helena
365,246,8,2023-07-27,2023-08-10,2022-05-28,1,302.51,Elizabeth Evans,"USNS Miller
FPO AE 05511",Judithborough,21122,Saint Martin
366,344,10,2023-04-03,2022-08-25,2022-07-30,2,340.75,Lori Robinson,"89861 Courtney Drive
East Erichaven, KS 66112",West Cynthiaberg,40406,Saint Barthelemy
367,76,4,2022-05-27,2023-06-03,2022-10-27,2,707.44,Christian Murphy,"562 Chavez Forges Apt. 924
Morganburgh, NY 49918",South Williamside,89809,Moldova
368,368,3,2023-07-02,2022-02-24,2022-06-09,1,56.01,Michael Gibbs,"226 Jose Estate Suite 872
Gregoryview, FL 99351",West Eddieside,30886,New Caledonia
369,474,6,2023-05-23,2022-09-05,2022-11-11,2,660.7,Theresa West,"5341 Young Fords
South Michaela, UT 35846",Sandraborough,44687,United Kingdom
370,380,9,2023-01-06,2023-02-22,2023-01-24,3,882.6,Jennifer Flores,"70845 Christina Corner Apt. 345
Mcbrideside, DC 45615",Gibsonside,75050,Hong Kong
371,185,1,2022-12-14,2023-01-06,2023-02-03,2,578.91,Erika Long,"87075 Arnold Cliffs
Port Jenniferton, NY 16098",Holmesside,81178,Cote d'Ivoire
372,386,5,2022-06-12,2022-05-02,2022-11-15,3,650.82,Ethan Mullins,"983 Amy Estate
Jennifermouth, MI 57851",Jacksonfort,03006,Liberia
373,335,3,2023-05-27,2023-04-01,2022-06-21,2,275.49,Sergio Wilson,"52471 Banks Haven Apt. 999
Alexanderfurt, VA 71242",East Rileytown,80312,Iran
374,64,1,2023-08-13,2023-01-26,2022-10-25,2,199.69,Brandy Miller MD,"7857 Juan Stravenue Apt. 781
North Alicia, NY 62638",West Michaelview,55572,Niger
375,259,3,2023-08-03,2023-05-08,2022-06-27,3,870.46,Kevin Smith,"303 Patterson Bridge
South Adam, NM 41352",East Jennifermouth,11897,United States Virgin Islands
376,102,2,2022-02-05,2023-08-16,2022-08-05,3,658.22,Christopher Sanders,"USNV Le
FPO AA 99581",Lake Christinaport,96479,Cape Verde
377,12,2,2022-11-26,2022-06-07,2023-07-23,2,52.1,Marcus Stewart,"0024 Daniel Courts
Kellyport, MI 49836",Port Yvonne,87407,Benin
378,352,5,2022-12-21,2022-08-13,2022-12-31,3,154.38,Elizabeth Reed,"PSC 9664, Box 0825
APO AA 99199",Lake George,42307,Palestinian Territory
379,241,8,2022-02-11,2022-07-26,2022-09-30,2,427.27,Elizabeth Edwards,"626 Mathews Oval
Gordonport, MP 27763",Lopezhaven,24385,Papua New Guinea
380,282,4,2022-06-21,2023-01-03,2022-02-04,2,665.25,David Garcia PhD,"2756 Collins Overpass
Connerland, ND 94447",Deborahside,05949,Bangladesh
381,83,5,2023-08-22,2023-04-20,2022-04-28,3,163.61,Stacy Davis,"162 Morgan Falls Apt. 659
New Cynthiabury, IL 34972",Thomasfort,11615,Burundi
382,488,6,2023-05-10,2023-06-04,2023-06-16,3,578.88,Mario Thompson,"2266 Heather Mills Suite 517
North Patriciaton, AR 12137",Sherriview,17844,Croatia
383,127,9,2023-07-26,2022-08-22,2022-01-13,1,56.48,Drew Lucas,"57630 Stout Mill Suite 504
East Feliciashire, MS 04112",Samanthaside,37002,Pitcairn Islands
384,472,7,2022-12-26,2023-07-03,2022-09-15,3,431.57,Lisa Flowers,"37810 Alan Ramp Apt. 478
Jonesfort, OK 56069",Spencerfurt,78495,Guyana
385,417,4,2023-04-30,2022-05-02,2022-02-14,2,832.37,Peter Robles,"1170 Stewart Square Apt. 090
Pearsonport, NV 81743",Kelleyfurt,14620,Albania
386,231,7,2022-04-10,2022-08-12,2023-02-04,3,694.47,Alan Gibson,"318 Graham Summit Suite 260
New Matthewside, NC 81577",East Christinatown,37232,Portugal
387,78,8,2022-08-13,2022-04-05,2022-09-20,3,212.18,Crystal Johnston,"98920 Latoya Harbors Suite 575
Lake Joseph, VI 47729",Douglasport,40591,Bulgaria
388,114,4,2023-04-21,2022-04-25,2022-04-24,3,618.4,Austin Ruiz,"9798 Kathy Terrace Apt. 013
Frazierchester, AK 40167",Angelastad,40479,Senegal
389,376,7,2022-06-18,2022-05-04,2022-02-15,1,705.62,Devin Spencer,"Unit 6290 Box 2875
DPO AP 95324",Williamland,48933,Trinidad and Tobago
390,479,2,2022-10-11,2022-04-15,2023-02-11,3,421.54,Jeffrey Little,"49971 Gregory Way Apt. 183
Lake Victoriaberg, PW 50580",Wilsonbury,03660,Andorra
391,173,6,2022-04-04,2022-01-18,2023-04-06,3,18.49,Susan Lee,"106 Jason Burg
East Stephanie, AS 46354",Williamsview,18796,Swaziland
392,95,5,2023-07-21,2023-05-31,2023-03-29,3,235.05,Riley Jacobs,"5551 Boyer Lake
Mirandabury, UT 10406",Lake Sheilatown,90844,Central African Republic
393,251,7,2023-04-27,2022-04-23,2023-07-03,1,442.37,Sean Savage,"PSC 3548, Box 8533
APO AE 74383",West Patrickstad,96019,French Guiana
394,196,8,2022-12-24,2022-08-16,2022-11-30,2,566.04,Kyle Gomez,"171 Barnett Stravenue
Velazquezshire, MD 61617",Heatherborough,99423,Grenada
395,91,7,2022-08-31,2023-08-09,2023-08-19,3,676.1,Tanya Hughes,"513 Samantha Ports Suite 547
Lake Jeffreymouth, CT 12204",Kellermouth,77117,Gambia
396,300,4,2022-12-27,2022-06-21,2022-10-30,3,161.72,Peter Martinez,"284 Collins Junctions Suite 057
South Christy, OK 73146",East Roberttown,30895,Falkland Islands (Malvinas)
397,83,1,2023-07-24,2022-01-20,2023-06-25,3,916.94,Nicholas Cook,"41335 Cantrell Mission Apt. 781
New Donna, SC 62442",Williamshaven,70150,Tokelau
398,445,4,2022-10-26,2023-03-13,2023-01-30,2,450.4,Kim Morris,"938 Davis Parkway Apt. 913
West Peterview, RI 83645",Edwardbury,40779,Suriname
399,243,8,2023-06-15,2023-05-15,2022-05-01,2,702.03,Joseph Henderson,"4176 Phelps Common Suite 470
Harmonbury, LA 47048",Lake Blake,01885,Sierra Leone
400,408,7,2022-05-16,2023-02-04,2023-04-16,1,57.39,Timothy Thompson,"Unit 6204 Box 6050
DPO AA 29494",West Kelly,99388,Cyprus
401,389,3,2022-09-11,2022-06-14,2023-07-19,2,591.48,Jeremy Howard,"PSC 2262, Box 1055
APO AE 86836",South Katie,16695,Netherlands Antilles
402,384,6,2022-08-11,2023-01-28,2022-07-01,2,262.77,Michael Allen,"70280 Elizabeth Pine
East Larryborough, MS 59347",Wilcoxview,19604,Dominica
403,1,4,2022-02-17,2022-12-24,2023-04-08,1,960.04,Samantha Rodriguez,"2355 Smith Hollow Suite 171
Ortiztown, IL 74981",South Karen,70065,Nepal
404,440,7,2023-07-22,2022-11-29,2022-10-19,1,935.37,Carla Brooks,"9286 Zachary Station Apt. 585
Johnstad, LA 06525",Davidmouth,73679,Puerto Rico
405,76,2,2022-10-02,2022-04-05,2022-09-23,2,541.35,Nicholas Harris,"0403 Ruiz Parks
Port Beverly, CO 56804",New Jamie,47754,El Salvador
406,403,4,2022-08-25,2022-08-01,2023-05-29,3,709.91,Jerry Castro,"Unit 0153 Box 8842
DPO AE 78297",Turnerhaven,28856,Tanzania
407,172,8,2022-08-23,2022-02-05,2022-01-16,3,400.36,Jose Smith,"09574 Mendez Cliffs Apt. 994
Jacobshire, MS 68577",North Samantha,33708,Burundi
408,392,4,2023-05-22,2022-09-09,2022-11-26,3,757.34,Jennifer Mcbride,"8215 Kyle Garden
Carrollshire, NE 66493",South Georgeborough,81989,Italy
409,191,3,2022-04-22,2022-09-02,2023-04-05,2,433.44,Scott Williams,"129 Lauren Throughway Suite 256
East Anne, AZ 74701",Lake Julieberg,53652,Jersey
410,36,3,2022-02-16,2023-05-11,2022-12-02,1,36.09,Amanda Byrd,"5156 David Cape Suite 300
Haleyborough, MS 23533",West Cheryl,87565,Somalia
411,105,8,2022-04-16,2022-07-02,2023-05-17,3,300.84,Marco Hurley,"0554 Orr Crossing
Davidland, AS 08781",Alyssashire,73077,New Zealand
412,261,4,2022-04-17,2023-02-04,2022-12-23,3,938.92,Adam Phelps,"15818 Robinson Green Suite 564
Port Ashley, MA 59905",South Jenniferstad,69584,Israel
413,49,8,2022-11-09,2023-04-27,2022-08-12,1,170.62,Jillian Stevens,"28823 Rachel Island
South Philipshire, MA 11935",New John,61175,Palestinian Territory
414,232,9,2022-08-11,2023-04-07,2022-06-27,1,538.19,Randy Coleman,"Unit 7903 Box 6538
DPO AA 34666",Port Matthew,48860,Uzbekistan
415,376,8,2022-05-17,2022-04-16,2023-01-19,1,495.87,Nicole Ewing,"24998 Thompson Passage Suite 733
South Katieborough, FM 52201",Catherineberg,20993,Moldova
416,282,1,2023-01-03,2023-03-29,2023-01-12,3,725.55,Daniel Vega,"65168 Kimberly Extensions
Martinbury, FL 82704",Hendersonburgh,07316,Cameroon
417,474,6,2022-07-17,2022-09-04,2023-07-26,3,931.66,Chelsea Jones,"9741 Douglas Freeway
East Jonathan, AR 29170",Amberchester,02109,Comoros
418,337,6,2023-05-01,2022-01-17,2023-02-11,1,188.53,Patrick Hughes,"836 Wilson Ports
Lake Jacob, CA 64951",Trujilloport,79256,Malta
419,233,10,2022-11-24,2022-10-18,2023-05-07,3,277.8,Stephanie Turner,"30682 Anthony Motorway
East Taylorburgh, MS 54072",New Julian,55088,British Virgin Islands
420,140,3,2022-03-08,2022-02-24,2023-01-09,2,227.85,Thomas Bishop,"Unit 7817 Box 0346
DPO AA 26421",Port Megan,60028,Lebanon
421,218,9,2023-07-08,2023-06-02,2022-09-22,3,183.63,Jessica Bailey,"350 Angela Oval
Cochranland, CA 53643",South Sherrimouth,36749,Croatia
422,122,7,2023-04-08,2022-01-29,2022-05-09,3,604.24,Robin West,"9070 Kelly Street
Lake Patrickborough, LA 85688",West Wesleyhaven,96252,Saint Martin
423,429,4,2022-08-15,2023-08-21,2023-06-10,1,975.47,Brian Ellis,"55372 Norris Plains
Tylerside, MH 44321",Williamsborough,47682,Turkmenistan
424,138,9,2023-02-27,2022-05-19,2022-11-21,3,517.89,Jacqueline Murphy,"0677 Perkins Alley Suite 979
East Heather, IN 74431",Lindseychester,94952,Cyprus
425,328,1,2023-04-20,2022-03-29,2022-10-15,2,2.75,Sandra Mayer,"PSC 7497, Box 0947
APO AE 52352",West Katelyn,87252,Antigua and Barbuda
426,179,8,2023-04-02,2022-12-15,2022-08-24,3,969.12,Andrew Murphy,"0902 Peck Mews
Sawyermouth, MN 72853",Michaelland,46869,Luxembourg
427,469,1,2023-04-21,2022-02-24,2022-07-19,1,269.29,Beth Thomas,"5951 Anthony Unions
East Dwaynechester, DC 78292",New Courtneytown,71767,Suriname
428,265,3,2022-10-14,2022-02-06,2023-04-17,3,464.78,Michael Ruiz,"092 Huff Stream Apt. 120
Port Amberbury, PR 74647",North Christophershire,32198,Botswana
429,380,4,2023-07-14,2022-11-08,2022-08-12,3,396.73,Tonya Gardner,"68035 Price Stravenue
South Laurenview, MH 92829",East Angelahaven,61624,Korea
430,392,5,2023-01-22,2022-09-10,2023-05-22,1,669.81,Daniel Dillon,"19939 Sarah Row
Quinnside, KS 45484",West Stanleyberg,27427,Ethiopia
431,299,4,2022-10-08,2022-12-14,2022-12-12,2,634.53,Charles Baxter,"800 Bailey Motorway Suite 786
Joyceshire, MH 08528",New Garymouth,04426,Botswana
432,356,10,2022-10-09,2022-09-05,2022-08-05,3,72.39,Derek Hicks,"4002 Taylor Tunnel Apt. 375
Charlesmouth, TX 25860",Suzannetown,36154,Anguilla
433,124,9,2022-11-17,2022-09-23,2022-07-18,2,402.13,Kristin Boyd,"004 Cannon Path
Gregoryton, MI 98252",Christopherhaven,27307,Vanuatu
434,79,10,2022-07-01,2023-03-15,2022-09-07,1,62.41,Eric Scott,"6927 Alexis Falls Apt. 727
Port Kendrahaven, ME 29001",Amandafort,39629,Antarctica (the territory South of 60 deg S)
435,149,6,2022-08-17,2022-07-21,2022-08-28,3,299.72,Stuart Fitzgerald,"35854 Donald Inlet
New Dianaland, MN 28799",Calvinport,67620,Greenland
436,11,7,2022-01-25,2023-08-11,2023-07-28,3,306.51,Roy Hughes,"68249 Jeffrey Trail Suite 073
North Sherrystad, MI 85054",South Maryhaven,01511,Peru
437,255,6,2022-02-28,2023-03-20,2023-02-22,3,169.5,Paul Pope,"7881 Davis Way
South Oliviaville, OK 72360",Brianberg,51918,Aruba
438,310,2,2022-06-02,2022-08-30,2022-09-22,1,161.72,Ashley Obrien,"82385 Lam Ferry
Port Bobby, PW 95258",Villarrealshire,04035,Cape Verde
439,322,7,2023-03-19,2022-04-11,2022-03-14,2,922.75,Scott Ramirez,"494 Smith Ridges
Lake Josephport, WA 25191",East Amber,34539,Haiti
440,424,8,2022-09-09,2022-06-04,2023-01-15,3,682.8,Jennifer Matthews,"117 Benjamin Parks
South Meganville, ID 70807",West Juliafurt,59561,Tunisia
441,431,3,2022-06-27,2022-08-19,2022-09-23,3,468.32,Jose Griffin,"363 Jerry Centers Apt. 214
Martinmouth, AR 49123",Beckshire,36716,Guyana
442,132,6,2023-08-17,2023-01-03,2022-05-22,2,75.22,Victoria Hernandez,"950 King Curve Apt. 672
Jeanchester, VA 30524",Gouldmouth,83814,Northern Mariana Islands
443,253,2,2023-04-17,2022-03-20,2023-01-13,1,575.73,Margaret Sims,"489 Lee Mount
Thomasmouth, WI 68986",Montesland,36134,Bahamas
444,60,7,2023-03-28,2023-03-12,2022-08-23,1,153.68,Angela Marshall,"3637 Taylor Vista
Juliemouth, VA 96408",West Shannonhaven,33873,Brazil
445,119,4,2023-08-11,2023-04-17,2022-12-22,2,107.16,Robert Griffin,"7821 Stone Lane Apt. 248
East William, OR 56359",Port Davidside,78122,Dominica
446,466,1,2023-05-15,2023-04-07,2023-04-16,2,643.37,Amanda Stone,"29510 Matthew Walks
Sloanbury, SC 93405",Clarkberg,23949,Gambia
447,363,2,2022-04-03,2022-03-24,2023-08-25,3,202.89,Jennifer Crawford,"USS Mendez
FPO AA 58876",Priceville,18901,Faroe Islands
448,43,1,2023-07-06,2022-08-04,2022-01-18,2,244.61,Judy Velasquez,"66855 Johnston Ranch
Lake Markshire, NH 08863",South Lindsayview,89346,Samoa
449,450,9,2023-01-20,2022-03-21,2023-02-01,3,649.91,Derek Wilson DVM,"305 Vickie Divide Apt. 515
Sheltonchester, VI 44738",Port Kristen,06243,Botswana
450,48,3,2023-04-06,2023-08-24,2023-02-04,2,872.56,Amanda Randolph,"780 Taylor Highway
Sawyermouth, NM 36772",West Johnhaven,41393,Thailand
451,268,5,2023-03-05,2022-08-12,2023-02-02,2,297.68,Richard Hicks,"784 Riley Causeway Apt. 145
Timothyview, TN 71637",North Ericmouth,26870,Brunei Darussalam
452,474,6,2023-03-12,2023-03-11,2022-04-25,3,598.42,Ashley Sharp,"32016 Pierce Courts
Shannonborough, MA 41071",Michelleberg,02017,Guinea-Bissau
453,426,4,2022-03-16,2022-05-22,2022-08-26,2,970.63,Erika Payne,"2683 Michael Club
South Emily, AK 91963",New Franciscofort,25904,Mauritius
454,161,3,2022-08-17,2022-12-19,2022-10-29,1,739.92,Madeline Cole,"91996 Keller Bridge
South Jill, VT 33994",Danielfurt,01842,Bahrain
455,468,8,2022-02-14,2022-09-11,2022-09-03,2,289.62,Darlene Clark,"098 Hart Fort
South Adrianborough, KY 49884",Josephborough,39649,Korea
456,355,10,2022-10-30,2022-02-18,2022-04-19,2,289.6,Taylor Taylor,"93581 Mallory Fall
Powellfort, MO 95770",South Jeffrey,37065,Azerbaijan
457,197,9,2022-12-12,2022-02-05,2023-07-25,3,886.7,Larry Duncan,"47952 Solomon Wall Suite 957
Stoneberg, OH 90256",West Kevintown,38763,Lesotho
458,469,6,2022-12-28,2023-03-22,2023-02-24,3,519.55,Jacob Watson,"195 Wood Forest Suite 307
South Jeremiahmouth, CT 79440",New Brett,68647,Falkland Islands (Malvinas)
459,216,9,2022-08-07,2022-04-10,2022-06-05,1,80.19,Andrew Nelson,"75333 Kelly Hill Suite 622
West Michele, MO 59961",Lisaberg,40369,Bahrain
460,377,6,2022-02-01,2022-02-01,2023-05-15,2,755.34,Barry Nash,"80381 Andrew Burg Suite 734
West Scottview, WI 97062",Rebeccamouth,72098,Chad
461,166,6,2022-02-14,2023-04-27,2022-08-10,1,246.78,Deborah Clark,"9172 Martinez Bypass Suite 434
East Kristina, HI 04433",Colemouth,17113,Anguilla
462,48,6,2022-03-12,2022-03-16,2022-09-29,1,150.03,Charles Hays,"9911 Livingston Coves
Jennyfurt, TX 41094",South Samanthatown,67680,French Guiana
463,248,8,2022-05-31,2022-07-02,2022-10-12,1,590.68,John Hernandez,"4505 Stephanie View
Conleyview, ME 08192",Lake Jasonfort,38474,Ghana
464,188,8,2022-02-14,2023-04-05,2022-04-05,1,586.43,Brandon Smith,"333 Kathleen Flats Apt. 012
Markland, DC 02309",South Toddborough,92194,Russian Federation
465,335,6,2022-03-25,2022-02-02,2022-12-09,3,799.81,Wayne Strickland,"502 Lee Park Apt. 516
Ashleychester, FL 80581",South Michael,84741,Pakistan
466,449,1,2022-03-02,2023-06-08,2023-02-13,2,489.4,Angel Anderson,"8322 Joshua Mews
Fernandezchester, ND 98785",West Joshuamouth,04612,Trinidad and Tobago
467,471,4,2022-08-17,2022-03-06,2022-09-22,1,899.89,Debra Schultz,"082 Michael Viaduct Apt. 237
Jessicaview, AK 62783",Gregorytown,08141,Jordan
468,28,4,2022-07-26,2023-02-05,2022-05-15,1,481.87,Elizabeth Anderson,"965 Kim Crossroad
West Andreaborough, TN 92582",Johnsonborough,76212,Antarctica (the territory South of 60 deg S)
469,23,4,2023-06-25,2023-05-24,2022-03-18,3,955.42,Kevin Johnson,"46231 Amy Shoals Suite 735
Jonathanview, PA 24062",Morrisfurt,14687,Saint Lucia
470,341,2,2022-06-11,2022-01-16,2022-03-26,1,389.78,Samantha Gray,"6242 Jones Fall Suite 759
Tylertown, CT 21691",North Vincentfort,90923,Greece
471,294,5,2022-03-31,2023-06-06,2023-04-26,3,287.34,Sandra Poole,"7383 Aguilar Flat
West Alexandra, VI 09058",Ramseyland,57995,Malaysia
472,165,10,2023-01-14,2022-08-09,2022-09-29,2,335.58,Robert Patterson,"Unit 5380 Box 5565
DPO AP 75839",Riceburgh,58998,Palestinian Territory
473,351,8,2022-12-29,2023-04-18,2023-06-14,1,844.15,David Roberts,"4175 Clark Villages Suite 449
South Scott, FM 54870",North Brent,66403,Sweden
474,255,8,2022-07-16,2023-01-11,2022-04-21,1,564.32,Jeremy Wright,"71603 Mary Prairie Suite 994
Adamborough, NC 89098",Davisfort,95716,Jordan
475,380,6,2022-12-08,2022-11-04,2023-05-06,2,317.07,Johnathan Harris,"2006 Daniel Field
Katherinemouth, MT 42833",Paulside,71352,Niue
476,400,1,2022-10-05,2023-07-29,2023-03-21,1,389.24,John Schmidt,"500 Albert Point
South Daniel, LA 55149",New Brianmouth,47603,Uganda
477,374,7,2022-09-04,2022-11-23,2022-03-24,3,586.89,Jamie Willis,"658 Erica Route
Lake Susan, ME 15741",Karenfurt,43381,Puerto Rico
478,4,6,2023-08-25,2022-10-25,2022-08-02,1,359.28,David Long,"688 Melinda Estates
Amandaside, WI 23762",East Jenniferfurt,66100,Central African Republic
479,159,3,2023-01-07,2022-07-15,2023-03-15,3,531.89,Matthew Mccoy,"220 Mariah Lodge Suite 168
Port Jenniferbury, PW 58240",Petermouth,50011,Christmas Island
480,404,7,2022-09-08,2022-04-29,2023-04-19,2,681.67,Krista Miller,"38888 Wilson Rest
Castroborough, CT 73834",Port Josephfort,13423,Uganda
481,217,7,2022-11-03,2022-09-24,2022-09-02,1,121.98,Kyle Callahan,"7077 Jack Summit Apt. 390
New Matthewchester, WA 97285",Laurenport,77129,Australia
482,383,9,2023-04-04,2023-05-11,2022-11-27,2,897.29,Donald Miller,"7768 Vincent Coves
New Miguel, NY 16730",Brooksborough,21889,Japan
483,380,3,2022-02-09,2022-08-08,2023-04-20,1,98.71,Steven Howard,"0573 Wells Mall
East Edwardshire, RI 83748",Hebertfort,92104,Libyan Arab Jamahiriya
484,186,7,2023-05-17,2022-10-05,2022-02-09,2,656.52,Bill Guerrero,"0252 Rivera Courts
Danielview, MD 96245",Larsonbury,91133,Saint Pierre and Miquelon
485,466,10,2022-07-07,2023-06-24,2022-04-06,1,716.8,Amanda Potts,"5890 Gina Tunnel
Higginsburgh, MP 86543",Hoodville,61112,Lao People's Democratic Republic
486,56,9,2022-12-30,2022-06-25,2022-01-02,1,287.04,Veronica Hamilton,"26545 Trujillo Circles
Henrybury, NC 23999",Perryport,18877,Malaysia
487,8,10,2022-07-16,2022-05-06,2023-08-09,3,811.38,Brian Serrano,"67928 Alexis Mount Apt. 638
Pennybury, DC 35227",Nicholasmouth,82204,Burundi
488,378,4,2022-08-25,2022-03-01,2022-01-21,3,534.98,Mr. Troy Hays,"032 Li Stream
North Craigmouth, NC 76622",Lynchside,38183,Congo
489,411,8,2022-08-14,2023-08-11,2023-08-13,2,533.98,Stephen Scott,"16053 Samantha Road Suite 232
Port Sarahburgh, RI 34955",Munozfurt,48690,Nigeria
490,497,3,2022-11-12,2023-04-26,2022-04-16,2,770.06,Michael Anthony,"3793 Campbell Trail Apt. 408
Kennedystad, SD 82266",Port Erika,67867,Benin
491,47,3,2022-02-17,2022-01-04,2022-01-27,2,121.11,Dr. Kenneth Carter DDS,"8943 Mcdonald Ville
East Vanessa, NJ 82156",West Jasonfort,92197,Malawi
492,53,5,2023-04-04,2022-08-16,2023-03-19,1,575.08,Daniel Green,"36394 Morris Forest
South Christopherton, MH 58697",South Sharonchester,82061,Malta
493,80,9,2022-08-23,2023-05-21,2022-07-28,3,242.87,Marcus Gilbert,"49783 Nicole Grove
Port Cindyburgh, SC 82601",Danaville,88140,Singapore
494,416,9,2022-06-23,2022-11-10,2022-03-02,3,117.73,Michelle Nelson,"5401 Michaela Route
Port Mark, UT 53301",Gonzalezstad,88558,United States Minor Outlying Islands
495,182,9,2022-08-16,2023-05-12,2022-06-14,3,294.77,Sherry Rojas,"874 Margaret Ferry
Monicaland, AS 02614",Lorrainemouth,49085,Guinea-Bissau
496,316,6,2023-08-16,2022-08-14,2023-06-17,2,542.8,Benjamin Wagner,"741 Landry Estates Apt. 951
South Stacey, PR 84394",Lake Christopher,54823,Reunion
497,128,4,2022-08-04,2023-01-09,2023-05-14,2,910.39,Kelly Wilson MD,"735 Whitney Wells
Port Joshuaton, AK 16571",Parkerstad,04200,Thailand
498,188,8,2022-11-09,2022-10-13,2022-05-09,3,558.35,Michael Davis,"212 Murphy Route
East Madison, AR 78293",Donaldbury,29460,Anguilla
499,491,3,2023-01-21,2023-05-23,2022-06-25,1,130.32,Jennifer Rose,"2317 White Hill Suite 374
Shortmouth, RI 27835",North Bob,65352,Netherlands
500,476,2,2022-07-07,2023-01-02,2022-07-10,2,631.68,David Miranda,"35525 Farmer Lights Suite 515
South Paul, LA 77492",South Gerald,98067,Djibouti
